Type,Contour Id,Perimeter,Eccentricity,Extent,Solidity,BLue,Green,Red,Point Polygon Test
sorghum,441,457.5878738164902,0.5413185124303529,0.6393289047862374,0.8734147760325771,24,48,59,21.02379604162864
pearl_millet,85,374.77669179439545,0.6272908874463139,0.6626189532117367,0.9199697219928432,38,63,74,24.041630560342607
sorghum,404,493.3868634700775,0.4207416962896932,0.7242759146341463,0.953109327983952,37,60,72,17.804493814764854
pearl_millet,330,320.53405094146734,0.8441165929675596,0.6027289425347678,0.9229532898041184,48,75,85,11.401754250991381
sorghum,264,472.80107617378235,0.4418783313552945,0.7242153679653679,0.9784690744260855,43,74,91,12.727922061357855
sorghum,386,492.80107605457306,0.3730424160232975,0.7105927198539675,0.9661301507354284,43,78,96,4.242640687119285
sorghum,382,508.21529030799866,0.2716699331370863,0.7494491809560303,0.9774793065750428,45,79,91,9.219544457292887
pearl_millet,353,449.73000860214233,0.7249996225593994,0.5447720447720448,0.8092872351211599,46,70,76,9.848857801796104
pearl_millet,30,402.9604572057724,0.8407186812467051,0.6266992266992267,0.9551516655294336,49,73,82,23.769728648009423
pearl_millet,221,335.6051187515259,0.7302768160885894,0.6408768930141671,0.9475442397977608,30,45,51,19.6468827043885
sorghum,436,490.8427062034607,0.4907838608988908,0.6611597019760285,0.9543701048201692,47,78,92,13.038404810405297
sorghum,422,472.37467098236084,0.21161667119635505,0.7348577235772358,0.9571144937127729,29,51,64,23.323807579381203
pearl_millet,160,286.3919163942337,0.6455233841739499,0.6249026024622097,0.9421992481203008,33,55,61,23.3452350598575
sorghum,256,509.4873685836792,0.4390579016475961,0.7148933102652826,0.9663808224517638,54,90,107,11.31370849898476
sorghum,58,485.14422285556793,0.22089516579674456,0.7426582610979774,0.9782029547105836,46,77,90,9.219544457292887
pearl_millet,337,322.39191579818726,0.7145030779409733,0.6336898395721925,0.9060498900888846,39,58,65,19.924858845171283
pearl_millet,335,273.9066344499588,0.3620763398162116,0.6625939849624061,0.9544223826714802,36,66,74,23.021728866442675
sorghum,175,388.6173119544983,0.5551358029071928,0.6997695852534562,0.9777324676718356,45,66,80,11.31370849898476
sorghum,250,520.8010773658751,0.387758850473335,0.7370252341311134,0.9489616479651648,31,56,69,13.038404810405297
pearl_millet,360,346.19090509414673,0.7594071182147552,0.6734091866835229,0.9589678193683896,36,64,79,22.803508501982762
sorghum,62,487.0020877122879,0.41318901696188015,0.7492086330935251,0.9670170486201388,35,66,82,20.615528128088304
sorghum,262,526.8427076339722,0.23877139858318,0.6929167866397927,0.9688653291283634,33,64,78,9.192388155425117
sorghum,375,476.0731550455093,0.37132932566148413,0.7339381490357184,0.9709390096618358,40,64,76,15.556349186104045
pearl_millet,188,450.2741655111313,0.8074160656702054,0.6285578747628083,0.8601661905998442,38,69,81,10.0
sorghum,241,457.06096184253687,0.4174901069642255,0.7569343507751938,0.9751121513555686,43,73,88,10.63014581273465
sorghum,316,492.8010767698288,0.2657253635782401,0.7277031316123572,0.9681199197719836,40,72,85,7.071067811865476
pearl_millet,186,387.4041088819504,0.7136495089316939,0.6425916431684183,0.871004169562196,48,67,72,21.095023109728988
sorghum,144,449.6883790493012,0.580121223316486,0.7406378836463582,0.9813360646409468,43,71,81,17.804493814764854
sorghum,45,462.61731147766113,0.5018062090816315,0.776143684518774,0.9721644862860171,48,72,86,24.738633753705958
sorghum,143,476.1320301294327,0.6037760443135902,0.7439818082019917,0.9436570689740912,31,62,76,8.602325267042627
pearl_millet,334,341.948264837265,0.8360830443895032,0.5717963386727689,0.8932880507641433,41,69,84,15.0
sorghum,85,455.4457379579544,0.417429053302794,0.7587867116032739,0.9730272043218212,43,71,84,10.816653826391967
pearl_millet,269,577.0264726877213,0.7273653847963296,0.5833859427609428,0.7600932209198711,38,62,71,13.152946437965904
sorghum,450,449.0609622001648,0.5085860353630159,0.7584251245738264,0.9710795836131632,35,55,69,16.1245154965971
sorghum,438,520.2152904272081,0.34108619297236314,0.7472882231404959,0.9511052674829484,35,67,81,12.020815280171306
sorghum,387,423.64674973487854,0.3976619246193372,0.772289972899729,0.9800111765464472,35,69,82,16.263455967290593
pearl_millet,251,438.41630029678345,0.6715773148749261,0.5823863636363636,0.8517749074157709,36,61,75,19.416487838947603
sorghum,12,520.4163004159926,0.4897849387815649,0.7813329250867525,0.9717567910637216,48,83,100,12.727922061357855
sorghum,311,421.93101954460144,0.3148555657768691,0.7315226451792165,0.9741455066833172,35,66,79,15.620499351813306
pearl_millet,245,549.2863579988481,0.8388346212068896,0.5382034632034632,0.8231626572500552,32,62,74,13.0
sorghum,87,447.445738196373,0.499104758016555,0.7575141660507514,0.9777018164473946,44,80,95,20.591260281974
sorghum,48,421.5462431907654,0.5354373962814548,0.7501696986152593,0.9810039501131774,45,77,93,20.518284528683196
sorghum,164,460.13203036785126,0.4994317821169035,0.7610766045548655,0.9571670355422472,35,59,75,14.142135623730953
sorghum,397,372.5756822824478,0.4035676149126197,0.7195906432748538,0.973276836158192,36,72,86,14.866068747318506
pearl_millet,50,366.87719702720636,0.7256277666004192,0.6864882365637816,0.9350286638247832,41,61,69,10.295630140987
sorghum,21,441.5462440252304,0.2796606064511765,0.7595986670530281,0.959551590025166,44,75,91,17.204650534085253
pearl_millet,306,790.1635550260544,0.8118166322777419,0.4965568125922282,0.7105937955653879,49,81,97,8.06225774829855
pearl_millet,140,338.1909053325653,0.4069835781692681,0.6735072156758903,0.9199746812550864,38,64,74,18.439088914585774
sorghum,39,450.65894174575806,0.3999499956658392,0.7165906127770535,0.963493733017793,52,81,94,15.264337522473747
sorghum,290,451.5462428331375,0.3298154274735217,0.7656992256133273,0.9650604880049212,54,81,95,12.806248474865697
pearl_millet,347,303.2203427553177,0.8805318107795601,0.5250849229161223,0.9232713071444979,38,67,78,21.470910553583888
pearl_millet,220,539.872144818306,0.6568862682100566,0.5850460666194188,0.8010674429888404,47,73,81,4.47213595499958
pearl_millet,327,422.61731147766113,0.6661589042438075,0.6475095785440613,0.8893471767885079,50,78,87,16.1245154965971
pearl_millet,267,425.2030984163284,0.7123698075499691,0.6308823529411764,0.9017831255436358,43,69,81,5.830951894845301
pearl_millet,128,311.4213539361954,0.8698844991491744,0.679210875331565,0.9344280989850609,33,50,59,24.08318915758459
pearl_millet,293,377.2619732618332,0.8484813925313119,0.5962448559670782,0.9153439153439152,43,62,67,-3.0
sorghum,289,475.93101942539215,0.32036363766870946,0.7376821651630812,0.969632473110106,39,69,84,15.556349186104045
sorghum,47,463.1025927066803,0.3659939342691287,0.7395467084978634,0.979089086221713,48,82,95,8.48528137423857
pearl_millet,52,606.3990566730498,0.7885855323273911,0.5941748645959987,0.7723974423449961,38,64,78,11.704699910719626
pearl_millet,66,286.24978017807007,0.4720624370967301,0.6898752127056155,0.9570178026949936,37,66,75,27.202941017470888
pearl_millet,313,358.0904004573822,0.7919852695210198,0.6433287347260543,0.9534832773477436,46,69,77,-0.0
pearl_millet,390,407.0609624385834,0.8892890637682764,0.571422304115118,0.9244800908510186,36,53,59,5.0990195135927845
sorghum,203,431.2030982971192,0.18031196605842392,0.7234146341463414,0.9670898182766716,47,78,91,12.806248474865697
pearl_millet,136,333.9066346883774,0.21615689000948254,0.7436749297214413,0.9416713858102096,45,74,86,25.45584412271571
sorghum,324,479.24472892284393,0.1690063650707314,0.7410130718954249,0.9746051076327948,56,89,104,15.264337522473747
sorghum,132,417.16146838665014,0.4381986781271899,0.7742937853107345,0.9745777777777778,50,91,109,19.723082923316017
sorghum,306,484.5584362745285,0.21339215321137195,0.7130647130647131,0.9462172014942166,29,56,72,18.027756377319946
pearl_millet,112,315.0782080888748,0.7050817106373624,0.7163910855499641,0.9726695949243532,35,55,62,21.93171219946131
pearl_millet,324,344.6345565319061,0.7667110584806669,0.6623636363636364,0.941343669250646,37,59,67,15.264337522473747
pearl_millet,230,319.4629836082458,0.6766631497806233,0.6155289276204309,0.9227070670416402,40,59,66,15.620499351813306
sorghum,367,460.274165391922,0.623195797012704,0.7431738109219025,0.9586252603673546,39,58,70,20.518284528683196
pearl_millet,161,478.9015823602677,0.6559123574198102,0.6606317411402157,0.9147642415190954,40,77,93,17.029386365926403
sorghum,120,481.2863576412201,0.4840893740428564,0.7097342657342657,0.9618271417740712,28,57,69,15.0
pearl_millet,143,417.4457389116287,0.5825856671728092,0.6457259450171822,0.8732844383123957,38,65,74,16.401219466856727
sorghum,399,462.8599525690079,0.5094900682723124,0.7011882878151261,0.951958643433308,52,85,100,14.142135623730953
pearl_millet,144,391.30360400676733,0.8728553514327706,0.5086553945249598,0.8843394575678041,48,77,87,19.02629759044045
sorghum,121,452.9604567289352,0.49300342493315397,0.7730475631238991,0.9799397074695746,41,80,97,23.430749027719962
sorghum,304,482.45793223381037,0.3778355892510552,0.7337297738757593,0.9801909307875896,36,65,80,11.31370849898476
pearl_millet,378,507.97264969348913,0.8176872366694714,0.587995337995338,0.8144261813912533,44,73,81,16.76305461424021
sorghum,344,528.4579312801361,0.3511288482560561,0.7859329446064139,0.979234145603148,39,75,89,10.63014581273465
pearl_millet,270,416.13203048706055,0.6172033214913242,0.6558609349307024,0.8403943110843555,41,62,69,17.691806012954128
pearl_millet,98,619.1269783973694,0.8261562680791309,0.5732407127755965,0.7565269381518634,53,80,89,4.123105625617661
pearl_millet,284,309.7644990682602,0.5483333963248095,0.6085600907029478,0.8917038729103935,38,62,70,20.0
pearl_millet,88,322.39191579818726,0.7145030779409733,0.6336898395721925,0.9060498900888846,38,57,63,9.848857801796104
sorghum,366,410.9604573249817,0.46878732554848,0.7132060138155222,0.9591256830601091,33,59,72,20.518284528683196
sorghum,83,436.61731135845184,0.4960391127835382,0.7501725327812284,0.966179280920848,48,78,95,16.401219466856727
sorghum,206,402.090399980545,0.4837135316589456,0.8019959614787201,0.9795115010671092,40,72,88,14.7648230602334
pearl_millet,166,387.74725449085236,0.7246099847601389,0.6559869528619529,0.9288587604290822,32,49,57,9.899494936611664
pearl_millet,93,530.3157957792282,0.7706626011657615,0.6726211689237348,0.8820024534143349,38,70,87,19.849433241279208
pearl_millet,380,446.173660159111,0.8184120508026578,0.6872273275782048,0.8953319627524489,51,66,71,21.93171219946131
pearl_millet,165,404.2741652727127,0.8401614369968896,0.491204176597435,0.8217981581695624,31,44,50,10.0
sorghum,348,444.374671459198,0.3743461264809276,0.7313481914504932,0.9532358683746844,39,74,90,19.723082923316017
pearl_millet,375,309.07820749282837,0.8806573380903532,0.6275232919254659,0.9100633356790993,31,46,53,17.720045146669353
pearl_millet,294,330.43354582786566,0.7060009418212809,0.6556509833208862,0.9276217310909572,42,69,76,20.0
sorghum,376,463.14422237873083,0.3165806231909297,0.72216796875,0.9756693830034924,37,71,88,15.811388300841895
pearl_millet,194,388.7178165912628,0.6549831590268028,0.5741295662100456,0.8298442817366196,39,60,69,16.278820596099706
sorghum,237,502.45793080329895,0.5226677386139058,0.7163607069622108,0.9721071984629144,64,97,111,8.48528137423857
pearl_millet,369,407.0609624385834,0.8892890637682764,0.571422304115118,0.9244800908510186,36,56,63,11.704699910719626
sorghum,208,555.1858525276184,0.4807892648924605,0.7330586080586079,0.9653883260974432,53,88,103,3.5355339059327378
sorghum,351,492.0731548070908,0.2634197754268409,0.7176258992805755,0.9683041623768202,40,72,89,10.0
pearl_millet,399,339.11983752250666,0.5612913909245087,0.7134961127308066,0.9361651259164808,39,67,79,25.079872407968914
pearl_millet,214,312.291410446167,0.7608105343216209,0.7000156201187129,0.9308339391421748,36,54,61,24.413111231467404
sorghum,400,496.0731550455093,0.22925953041581265,0.7504293688278231,0.9726608695652174,51,82,97,12.727922061357855
sorghum,293,454.5168064832688,0.4321051020813944,0.6825035971223021,0.9635964734083614,34,67,81,14.849242404917495
pearl_millet,141,335.0193326473236,0.7040602322916667,0.6664086687306502,0.9273021001615508,29,58,73,24.698178070456933
sorghum,20,497.0020875930786,0.385578531911628,0.7657192759606224,0.9773026649103252,37,69,79,18.35755975068582
pearl_millet,183,327.22034263610834,0.7070138538438585,0.7233506300963677,0.9296875,42,62,69,27.459060435491967
sorghum,284,573.8549001216887,0.5087179431520552,0.7109543817527011,0.9408610691873858,35,62,74,10.0
pearl_millet,203,637.4112484455109,0.7480122818598733,0.5951505602240896,0.8249711824303828,43,67,75,2.23606797749979
pearl_millet,232,483.34523379802704,0.8653076166921619,0.6553136572775221,0.8589394719423402,45,67,73,13.601470508735444
sorghum,207,463.8305141925812,0.49125793345483204,0.7590645161290323,0.9713519091847264,33,58,71,17.677669529663692
sorghum,243,432.3746707439423,0.1959576667271118,0.7593601089176311,0.9676626506024096,39,67,82,17.029386365926403
pearl_millet,328,317.5634888410568,0.5654372560214226,0.6785714285714286,0.951087845575004,46,69,78,23.853720883753127
pearl_millet,167,371.6051186323166,0.6160539433371339,0.7654220779220781,0.9518202005248636,38,59,67,19.416487838947603
sorghum,170,481.8893893957138,0.5625055165882318,0.7682522522522522,0.9480167200284596,49,85,99,14.866068747318506
pearl_millet,266,346.291410446167,0.82684305770564,0.7024082568807339,0.9478978591694608,34,56,65,29.206163733020468
sorghum,11,405.4041081666946,0.4841705423928595,0.7011806375442738,0.9650111032876564,32,57,69,8.48528137423857
pearl_millet,134,349.01933240890503,0.5150707795189489,0.7163615560640733,0.9569736339319832,47,72,79,22.203603311174522
sorghum,286,476.55843591690063,0.6462264942233572,0.7108691425238188,0.9609672755946904,41,71,88,16.278820596099706
pearl_millet,370,279.32084834575653,0.4948223594820946,0.5932430023177037,0.8967794097830482,27,44,49,20.12461179749811
sorghum,79,410.1320298910141,0.3678296060239997,0.7402926687916546,0.9692227438706312,33,68,81,16.1245154965971
pearl_millet,256,362.29141080379486,0.5371331998965301,0.6764497878359265,0.9405113077679448,43,67,76,26.0768096208106
pearl_millet,400,390.3746713399887,0.7907257074078541,0.6344806763285025,0.9001884852638794,46,69,74,2.8284271247461903
sorghum,51,458.5168068408966,0.42580328473407786,0.7614813367207348,0.9653962092744766,44,74,90,16.97056274847714
sorghum,352,433.24472773075104,0.4589087219288669,0.6950455005055611,0.9663542642924088,27,53,66,15.556349186104045
sorghum,102,493.7300091981888,0.3695363588472052,0.7420474262579526,0.9728071687058418,43,76,90,13.0
sorghum,270,538.8010765314102,0.42026855525834217,0.7329045000800726,0.9482681216976896,58,91,107,12.020815280171306
sorghum,308,434.274165391922,0.3934658086255859,0.7362950211864406,0.9770690564048498,36,69,85,18.867962264113206
pearl_millet,356,459.1442230939865,0.7985175325405582,0.6059304910082846,0.8832842415316642,55,85,94,19.104973174542803
sorghum,26,434.03152561187744,0.4741227718815872,0.7415565802592223,0.979344113895404,45,76,91,17.677669529663692
pearl_millet,139,315.9482649564743,0.6550376993169436,0.6521493212669683,0.9412244897959184,47,64,70,10.295630140987
pearl_millet,162,310.63455700874334,0.4200844027462469,0.7093573988735279,0.9649978232477144,38,73,88,26.162950903902264
sorghum,32,454.759446978569,0.4532871218134701,0.7351666666666666,0.9809852107194484,53,86,104,9.219544457292887
sorghum,398,404.1320297718048,0.3611137116378665,0.65011336210049,0.9575052512522216,39,67,82,14.212670403551895
pearl_millet,364,591.8132692575455,0.8502475005058152,0.5766590389016019,0.8459214501510574,62,89,99,20.591260281974
sorghum,412,519.9726496934892,0.3081562674929883,0.7578867028493894,0.9657793307157524,33,66,81,12.020815280171306
pearl_millet,299,502.65894174575806,0.8031526079051323,0.6613960113960113,0.8380362192407196,56,82,95,3.0
pearl_millet,227,422.8599520921707,0.7736518147737009,0.500205952013181,0.8274422962268972,38,58,65,4.242640687119285
pearl_millet,222,549.2863579988481,0.8388346212068896,0.5382034632034632,0.8231626572500552,32,58,68,7.0
sorghum,105,473.7888842821121,0.4956884042469621,0.7588403950302645,0.9831802703539366,47,77,88,7.071067811865476
pearl_millet,200,368.1909054517746,0.6555613649301997,0.6963946869070209,0.9418306244653549,57,99,112,29.154759474226502
sorghum,204,472.4163008928299,0.3725990881707216,0.7283695923980995,0.9648861283643893,34,60,75,14.7648230602334
sorghum,268,381.01933205127716,0.1615600810590726,0.7646655231560892,0.9749056913236016,52,81,94,19.723082923316017
sorghum,444,463.93101978302,0.3586746531456765,0.758710407239819,0.9786954618415292,47,79,93,14.849242404917495
pearl_millet,61,365.362478017807,0.655063022589668,0.699958686221855,0.9492926180137274,54,83,94,21.93171219946131
pearl_millet,178,434.6761864423752,0.9287295639195702,0.5669810456917864,0.8556031504767169,52,77,88,6.0
sorghum,54,421.2030975818634,0.4828669058546329,0.7201616245337754,0.974758098443416,39,65,77,17.677669529663692
sorghum,312,481.3868637084961,0.3351141275078989,0.7045854908450329,0.9667826405420252,36,69,83,10.0
sorghum,402,469.5878746509552,0.5006121149642422,0.7520721326164874,0.9796826554805764,53,81,91,11.31370849898476
pearl_millet,237,590.5411913394927,0.6329302684473654,0.5667137476459511,0.822986462464105,36,61,70,8.48528137423857
pearl_millet,180,381.7472542524338,0.7878591097916391,0.6238317757009346,0.9060132575757576,56,81,86,22.13594362117865
sorghum,188,457.5462439060211,0.4953060377592307,0.7464717741935484,0.9630641175705552,39,73,88,10.295630140987
sorghum,221,496.7594462633133,0.4132053002892383,0.7236641221374046,0.9614256220797566,45,80,95,6.4031242374328485
sorghum,423,479.00208675861364,0.4888061015488314,0.7229064039408867,0.9653899568744976,47,82,96,8.06225774829855
sorghum,17,495.9310190677643,0.3787325862388996,0.7560048647005169,0.9767259157419228,51,80,93,17.262676501632072
pearl_millet,213,324.2914109230041,0.6511856540581233,0.6963461538461538,0.941416067250195,33,65,78,24.20743687382041
sorghum,98,456.85995197296137,0.5530029415713709,0.6996295534060506,0.9565278559369724,36,61,74,5.0
pearl_millet,68,369.7472542524338,0.5853800174545819,0.6860846560846561,0.9477415582517176,41,70,81,21.095023109728988
sorghum,111,446.3746705055237,0.32192151813585324,0.7415861081274615,0.9791601008509296,40,64,77,14.422205101855955
pearl_millet,76,445.14422237873083,0.7288391026654241,0.6019071019071021,0.8494881109643329,46,70,82,14.866068747318506
pearl_millet,317,360.7766922712326,0.8515869295214864,0.6323293632615666,0.9271261858785996,33,57,64,14.142135623730953
pearl_millet,320,335.6051187515259,0.7302768160885894,0.6408768930141671,0.9475442397977608,29,42,47,17.08800749063506
sorghum,424,389.8477600812912,0.443880930877552,0.7517837323608689,0.9742140949250052,41,75,92,16.1245154965971
sorghum,247,410.23253560066223,0.3814581315650163,0.7409073004201681,0.9811771865762476,42,71,83,12.020815280171306
sorghum,455,486.8010770082474,0.3825633286922006,0.7219394967486571,0.97250257074304,34,59,70,12.806248474865697
sorghum,330,425.9310199022293,0.5758999703487212,0.6593552465233881,0.9686136131488532,47,80,95,8.06225774829855
sorghum,40,495.7300091981888,0.6868920933995871,0.6301946013810421,0.927904612256216,29,56,72,13.038404810405297
sorghum,64,458.51680624485016,0.2737227563545561,0.7071811023622048,0.9613375578009932,53,81,94,13.038404810405297
pearl_millet,204,315.0782080888748,0.7050817106373624,0.7163910855499641,0.9726695949243532,37,62,71,25.495097567963924
sorghum,139,476.75944662094116,0.3012922871071579,0.7106199770378875,0.9635712617731766,61,95,111,17.677669529663692
sorghum,437,451.7888840436936,0.41572718760896704,0.7687938931297711,0.9793838493854052,50,81,95,20.615528128088304
sorghum,223,492.7594467401505,0.4910951191991719,0.7557251908396947,0.9760127746728224,44,83,103,14.142135623730953
sorghum,451,561.671133518219,0.2737479558445879,0.706449504303301,0.9443675817374207,39,64,77,12.020815280171306
pearl_millet,385,326.291410446167,0.6977015826060923,0.6691569484936832,0.9548448604610852,29,51,61,17.691806012954128
sorghum,394,430.0315240621567,0.4108491350500153,0.7151328430398198,0.970813095880554,33,67,83,11.401754250991381
pearl_millet,236,430.4751760959625,0.5681860234653396,0.6324786324786325,0.904259611504986,45,76,84,11.180339887498945
sorghum,380,482.274165391922,0.4825344784661669,0.7782816830435878,0.985955952760932,56,85,100,7.810249675906653
pearl_millet,177,390.3746713399887,0.7907257074078541,0.6344806763285025,0.9001884852638794,49,74,80,5.0
sorghum,41,445.7888845205307,0.3594196141153419,0.7361419068736141,0.9731314118221788,46,82,100,16.278820596099706
sorghum,322,426.96045804023737,0.42532314754185135,0.7464549064095292,0.9813571961222968,45,76,88,11.180339887498945
pearl_millet,91,406.9604570865631,0.790524810996629,0.6270689655172413,0.9366469224826164,39,58,64,3.5355339059327378
pearl_millet,182,570.3990564346312,0.5803593540919433,0.6101001271455817,0.7855425384969561,58,84,94,23.40939982143925
pearl_millet,298,424.51680552959436,0.7590527479889922,0.5381408065618591,0.8219020774611129,35,57,69,4.0
sorghum,285,481.83051443099976,0.3735522393780807,0.7334794764264837,0.9563794531897266,40,64,80,16.278820596099706
sorghum,167,349.36247873306274,0.3223295689874908,0.7426694125723252,0.97351844710117,43,60,69,18.867962264113206
pearl_millet,319,330.14927566051483,0.5788066248095304,0.7355025773195877,0.9519639729797348,28,45,55,24.75883680627989
pearl_millet,102,351.5046137571335,0.848481764745747,0.5617025620087782,0.93397827562797,40,73,86,28.319604517012596
sorghum,156,494.0731544494629,0.4966019394959189,0.7262202753441802,0.9658424940181016,44,76,93,5.656854249492381
pearl_millet,148,444.17365980148315,0.769606225573155,0.6212000907441017,0.8778552536667468,53,79,87,10.0
pearl_millet,280,434.1320298910141,0.8005072930113543,0.6096774193548387,0.8756557879675683,44,64,71,7.810249675906653
sorghum,280,443.4457387924194,0.537962122498785,0.7255555555555555,0.9742633345766504,35,62,72,6.708203932499369
sorghum,186,456.7178163528442,0.5735155460696215,0.7649811631740052,0.9818298579631308,53,91,108,19.798989873223327
pearl_millet,36,259.96550965309143,0.4208265811495323,0.7544144144144144,0.9705609643022716,34,58,66,23.53720459187964
pearl_millet,95,341.705624461174,0.6151380541055651,0.7087640449438202,0.9507159005275057,34,61,71,26.40075756488817
pearl_millet,19,611.0681025981902,0.7156084355122555,0.512677304964539,0.7778599771336338,36,55,63,13.45362404707371
pearl_millet,41,304.391915678978,0.4597173485527037,0.7299192196311538,0.9462556806955148,31,59,69,21.587033144922906
pearl_millet,197,537.2863582372664,0.5390684756111328,0.624119559328156,0.8511175420232744,36,64,77,9.848857801796104
pearl_millet,149,291.07820701599115,0.7344037876794013,0.7308571428571429,0.9697658989669226,52,72,78,21.213203435596427
sorghum,24,449.6883784532547,0.09921177727787524,0.7496581975618093,0.9762602470418044,52,84,102,10.63014581273465
pearl_millet,106,333.9066346883774,0.21615689000948254,0.7436749297214413,0.9416713858102096,44,72,82,20.506096654409877
sorghum,239,512.2152911424637,0.4740027454326146,0.7342539422112843,0.9792730367128616,43,75,88,12.727922061357855
pearl_millet,110,360.1909053325653,0.6918533671182029,0.7049482163406214,0.9356957385061858,49,79,95,28.16025568065745
sorghum,297,470.4751765727997,0.5037108663553199,0.7641403979432149,0.9781434448220354,45,74,87,16.76305461424021
pearl_millet,209,440.3746707439423,0.6924004452484076,0.6209851551956815,0.8637259502580948,30,51,63,5.385164807134505
pearl_millet,75,390.37467098236084,0.7771135475186521,0.6335348506401138,0.8904531822725759,40,70,83,9.219544457292887
pearl_millet,113,333.4629837274552,0.4724478091093226,0.6384290540540539,0.867653810835629,34,54,63,23.19482700948641
sorghum,176,528.5584362745285,0.2986638708704354,0.7478045150086827,0.9723870967741935,41,69,81,16.97056274847714
sorghum,125,455.5878732204437,0.5313448169019632,0.7342702702702703,0.981680216802168,45,79,92,7.071067811865476
sorghum,433,457.7888840436936,0.5386946174438956,0.7362587503240859,0.9608763693270737,40,76,94,7.7781745930520225
sorghum,396,433.88938987255096,0.5669131789745451,0.7487781954887218,0.9832565410564424,53,88,105,17.0
sorghum,53,398.9188268184662,0.4578370383403472,0.7724576271186441,0.9796765841027896,39,71,85,22.47220505424423
sorghum,181,423.30360329151154,0.4220810532783709,0.7228487886382623,0.9716906087688923,47,73,85,11.31370849898476
pearl_millet,346,437.8893896341324,0.80894561995767,0.6393681753771776,0.9018812463256908,45,69,78,19.209372712298546
sorghum,414,480.6589410305023,0.5624471153832151,0.7339558000386026,0.985487058213742,46,83,97,9.433981132056603
pearl_millet,355,307.32084894180304,0.4245377417964815,0.7153775803501438,0.947318339100346,50,78,87,21.37755832643195
sorghum,446,427.83051335811615,0.2787461361184593,0.7168410293410293,0.9826911188955284,50,74,87,16.97056274847714
sorghum,74,416.2741664648056,0.4232662297836068,0.7286472148541114,0.9790172406112176,43,74,88,17.4928556845359
pearl_millet,388,371.6051186323166,0.6160539433371339,0.7654220779220781,0.9518202005248636,39,62,72,24.33105012119288
pearl_millet,3,248.79393672943115,0.6544783445573676,0.6452702702702703,0.8979180658159839,41,67,76,17.0
pearl_millet,99,502.1147848367691,0.831667624217621,0.5541690571811054,0.8174188998589563,41,78,95,19.849433241279208
pearl_millet,44,237.62236404418945,0.7768227876936532,0.6710208030962748,0.9445011916922028,32,43,49,18.60107523773827
sorghum,66,477.0020866394043,0.4207568682699181,0.7477121690815993,0.9765580535002846,40,66,77,12.041594578792296
pearl_millet,396,319.705624461174,0.4995895108140401,0.6899133175728921,0.9478527607361964,49,69,75,21.095023109728988
pearl_millet,341,259.96550965309143,0.4208265811495323,0.7544144144144144,0.9705609643022716,34,59,68,25.0
sorghum,50,402.23253524303436,0.4862473062556374,0.7521758209610181,0.9810645807497854,42,75,90,10.0
pearl_millet,114,317.3208476305008,0.7886035234343693,0.6377476155539251,0.9599668691330756,37,51,57,11.180339887498945
sorghum,22,462.1320297718048,0.3324053650102501,0.7647430376112546,0.9731823164048228,47,82,98,14.849242404917495
sorghum,323,530.1147856712341,0.3131760647438824,0.7264293659621802,0.9766697574252984,46,80,94,7.071067811865476
sorghum,60,441.4457387924194,0.3022888275725317,0.7547546941247729,0.9817608824108726,38,69,84,13.435028842544405
sorghum,421,503.9310202598572,0.3287703514320925,0.7696530522617478,0.9640708268867114,44,80,99,11.31370849898476
pearl_millet,87,333.4629837274552,0.4724478091093226,0.6384290540540539,0.867653810835629,36,61,71,29.427877939124322
pearl_millet,234,335.0193326473236,0.7040602322916667,0.6664086687306502,0.9273021001615508,29,56,70,19.697715603592208
pearl_millet,51,341.705624461174,0.6151380541055651,0.7087640449438202,0.9507159005275057,34,63,74,29.12043955712207
pearl_millet,264,360.7766922712326,0.8515869295214864,0.6323293632615666,0.9271261858785996,34,62,71,10.606601717798213
sorghum,369,514.3157956600188,0.3720959997462098,0.746207942636514,0.9771284119293387,42,79,98,13.41640786499874
sorghum,2,455.2030977010727,0.5782594553069879,0.7133487654320988,0.9693120412936528,32,68,84,5.0990195135927845
sorghum,171,440.7178165912628,0.4788038397061157,0.7602170542635659,0.97817586977338,43,74,93,16.263455967290593
sorghum,195,464.41630017757416,0.5276016345755307,0.7133513513513513,0.9803877869400491,34,64,78,14.212670403551895
pearl_millet,261,324.9777023792267,0.6025604611481656,0.7022400407280133,0.950719393469458,31,55,67,15.231546211727816
sorghum,336,464.13203084468836,0.4146666144973445,0.7726244343891403,0.9764815211952248,47,82,97,13.435028842544405
sorghum,313,528.5584355592729,0.3038482489181483,0.7411039342337052,0.9471669793621011,32,65,79,16.263455967290593
sorghum,319,480.80107641220087,0.5237511914209401,0.6972548808111315,0.9719945868731674,52,84,97,2.8284271247461903
sorghum,140,468.7594475746155,0.4236360482863145,0.738508570804673,0.9761166029295044,47,74,88,16.97056274847714
sorghum,142,483.2447279691696,0.392052868739018,0.7536507610037022,0.9825702218944828,55,87,100,8.48528137423857
pearl_millet,351,363.3624786138535,0.7568728861450971,0.6333333333333333,0.8682286473911599,35,67,87,25.495097567963924
sorghum,305,441.9310201406479,0.4623063677492236,0.7219975490196079,0.9748490113344916,51,84,103,14.212670403551895
sorghum,9,469.24472737312317,0.4226653523939355,0.651728209531988,0.9638449021708934,43,73,86,5.0
pearl_millet,43,390.67618668079376,0.7513079768147699,0.6344866071428571,0.8719325153374233,59,90,101,30.36445290137795
pearl_millet,4,309.07820701599115,0.5610094883833359,0.7156378600823046,0.9398306611421364,29,59,81,30.01666203960727
sorghum,106,500.943212389946,0.4507974147740117,0.7108085345311622,0.9478156702729008,36,66,83,2.23606797749979
sorghum,370,503.0437172651291,0.5765471181209197,0.7338713621912448,0.9722654224987041,55,90,104,15.620499351813306
pearl_millet,171,256.4507907629013,0.9030835971054084,0.5944170771756979,0.9354005167958656,31,44,49,11.180339887498945
sorghum,321,448.27416455745697,0.5304931653381455,0.749078704922348,0.9746553643291378,34,64,77,10.0
pearl_millet,307,309.7644990682602,0.5483333963248095,0.6085600907029478,0.8917038729103935,39,65,73,25.05992817228333
sorghum,100,441.88938987255096,0.32046486896498266,0.7488193624557261,0.9721548090433004,41,70,82,16.643316977093242
pearl_millet,268,415.16146743297577,0.8202228881145299,0.5527904169375059,0.8626286045500652,33,48,55,17.11724276862369
pearl_millet,235,498.7005712985992,0.6545549887512256,0.5592592592592592,0.7515358892604401,42,73,86,28.600699292150182
pearl_millet,309,406.9604570865631,0.790524810996629,0.6270689655172413,0.9366469224826164,38,56,61,0.7071067811865476
pearl_millet,29,282.24978005886084,0.3073448501334602,0.6503044140030442,0.9200538358008076,26,47,57,19.091883092036785
sorghum,81,446.85995149612427,0.4965509127608146,0.7422321428571429,0.9803066037735848,50,84,99,15.0
sorghum,326,497.14422357082367,0.5271656819188391,0.7436588921282798,0.9810891374723548,38,65,77,6.708203932499369
pearl_millet,157,268.0071399211884,0.4210830192010859,0.7251558171745153,0.9595647193585338,35,53,61,27.202941017470888
pearl_millet,387,324.9777023792267,0.6025604611481656,0.7022400407280133,0.950719393469458,32,60,73,25.0
sorghum,63,459.7300095558167,0.3709576060713857,0.7227277833951241,0.9763241766580664,56,88,105,8.48528137423857
pearl_millet,69,303.32084822654724,0.8462855129463857,0.6563727801351563,0.9311113588228735,31,45,52,24.186773244895647
sorghum,255,471.7888844013214,0.4674760137002584,0.7605913106183523,0.9732784805259718,50,82,96,8.602325267042627
pearl_millet,205,315.46298348903656,0.7017132448576027,0.6251227295041728,0.939760147601476,50,71,77,19.235384061671343
sorghum,109,432.3330404758453,0.4818833068907573,0.7666806840482198,0.9652342715962234,48,82,98,16.278820596099706
pearl_millet,126,402.4751764535904,0.8145655389318118,0.5963425512934879,0.9264777215716168,43,78,92,23.430749027719962
pearl_millet,185,368.1909054517746,0.6555613649301997,0.6963946869070209,0.9418306244653549,55,93,105,24.35159132377184
sorghum,374,455.44573855400085,0.2612875084706654,0.7530564045568213,0.9633019370890351,38,63,74,20.12461179749811
sorghum,359,495.1442221403122,0.30212090041962586,0.7458500445632799,0.9703590970032976,36,66,79,16.643316977093242
pearl_millet,24,357.8061293363571,0.8021217298105899,0.7254568367989918,0.9277943428156984,43,72,81,26.0768096208106
sorghum,426,454.5584363937378,0.413965603628644,0.7072544642857143,0.97781892527871,51,84,99,14.7648230602334
pearl_millet,58,344.19090509414673,0.4479495304725225,0.6860948191593352,0.9393559180259304,36,67,79,17.804493814764854
sorghum,354,451.8893896341324,0.4839954420608512,0.7769472129937246,0.9771733663481256,55,92,107,14.142135623730953
sorghum,200,433.4457384347916,0.2395376766725261,0.7351059576169532,0.9671649642716234,62,90,105,17.204650534085253
pearl_millet,81,331.01933217048645,0.7552111288912191,0.5981174788514239,0.9414853713428356,46,66,72,6.4031242374328485
sorghum,216,493.24472856521606,0.5198472134964572,0.7540281824127475,0.9679438253701724,45,76,92,10.0
pearl_millet,129,513.1442227363586,0.8181577469173563,0.6345670803782506,0.8948327950828211,46,89,104,22.82542442102665
pearl_millet,46,446.031525015831,0.7912789216402254,0.5476341093117408,0.783155418852904,42,65,77,3.1622776601683795
sorghum,429,465.83051466941833,0.4175368487628337,0.7143382560968708,0.9727241206610934,51,82,96,19.091883092036785
pearl_millet,210,432.759446978569,0.731329301142173,0.5785356313409119,0.8175850751425117,38,54,60,13.601470508735444
sorghum,192,462.4163004159928,0.35450146739796257,0.7466439780676877,0.9671809943668872,43,69,79,14.7648230602334
sorghum,194,452.7594467401505,0.4829162297832861,0.7380094652821926,0.9593682567375236,38,60,71,12.020815280171306
pearl_millet,358,333.90663480758667,0.7244868615230502,0.7373737373737373,0.951442422315823,34,57,64,14.7648230602334
sorghum,393,552.8427079916,0.5686271864987967,0.7301679936637625,0.9761480160499332,31,62,75,6.4031242374328485
pearl_millet,105,377.1198377609253,0.7083718368811383,0.7305153991200503,0.9465861273245556,48,68,76,24.020824298928627
pearl_millet,304,331.56348848342896,0.4430956933321049,0.7182559288537549,0.9469141833577592,37,67,80,26.40075756488817
pearl_millet,189,313.66399419307714,0.7070231120799035,0.6375386996904024,0.9168521816562778,26,39,47,13.038404810405297
pearl_millet,131,333.74725449085236,0.6424997280861063,0.6231684981684982,0.921106062070966,30,50,61,22.803508501982762
sorghum,155,399.9310207366944,0.5655187136587728,0.7056722076407116,0.975951600705823,36,76,93,9.899494936611664
sorghum,193,432.3746705055237,0.29702030880066344,0.7018521251475797,0.9580479452054794,38,63,76,12.020815280171306
sorghum,35,454.3746711015701,0.3960992045469386,0.7813401442307693,0.9797294751516522,42,67,78,14.849242404917495
sorghum,151,431.06096231937414,0.5167215149238712,0.765860607324022,0.9732868244436594,37,69,82,12.041594578792296
sorghum,343,466.13203144073486,0.4694698373252214,0.7921024797273475,0.9797579678017224,41,73,85,19.798989873223327
sorghum,283,478.1736606359482,0.4447544052271156,0.7281939605110337,0.9642060745866974,41,72,84,18.384776310850235
pearl_millet,181,330.14927566051483,0.5788066248095304,0.7355025773195877,0.9519639729797348,28,48,60,28.16025568065745
pearl_millet,33,320.291410446167,0.5981143651054083,0.6779411764705883,0.9101149692254094,28,44,49,24.59674775249769
sorghum,28,445.4457380771637,0.5034068875324795,0.7186126373626374,0.9640208227760629,40,69,86,17.204650534085253
sorghum,453,439.060962677002,0.25168635766002656,0.7523419203747073,0.9621228804228144,34,65,78,17.804493814764854
sorghum,291,550.9432129859923,0.6297013994210079,0.7339761904761904,0.9625316139507292,39,69,87,23.021728866442675
pearl_millet,21,450.2741655111313,0.8074160656702054,0.6285578747628083,0.8601661905998442,38,71,83,21.587033144922906
pearl_millet,287,382.4335458278656,0.8185941649011653,0.5201939471440751,0.8393947210042129,28,46,56,24.59674775249769
sorghum,137,482.55843603610987,0.2858254451585123,0.7214543269230769,0.9634831460674156,40,68,85,14.212670403551895
sorghum,236,447.5462440252304,0.3818450168393104,0.7514174781215334,0.9750099960015992,48,82,97,15.556349186104045
sorghum,103,460.27416563034063,0.32672195303380736,0.7432134490836434,0.9678779721848364,29,58,75,14.849242404917495
pearl_millet,119,463.3452332019806,0.8206634580915827,0.6907407407407408,0.9397398323821275,48,74,82,20.12461179749811
sorghum,177,469.4457383155823,0.2967797172366214,0.7132948650696509,0.9648756258130642,48,70,80,14.142135623730953
sorghum,187,460.274165391922,0.5162427036863155,0.7472438994178124,0.9655089628681178,38,62,78,17.029386365926403
pearl_millet,84,701.3696184158325,0.3805272073193692,0.5342610855431368,0.7741611093468826,50,78,89,-0.7071067811865476
pearl_millet,332,622.2396751642227,0.6412670392761582,0.5262996941896024,0.7178310740354535,41,71,84,0.7071067811865476
pearl_millet,292,768.4234408140182,0.746413769639812,0.5170943134535367,0.7229143438848223,43,66,74,1.4142135623730951
pearl_millet,133,328.1492755413056,0.6582441324948618,0.6717230367252142,0.9319303192024972,43,64,72,29.206163733020468
pearl_millet,195,406.57568156719213,0.6692656035383828,0.5810415075120957,0.8288231020704686,44,70,84,13.152946437965904
sorghum,292,498.4163006544113,0.4563743332544356,0.7307375473666868,0.9551360275644246,51,84,103,12.727922061357855
sorghum,99,472.0731544494629,0.22755109713679214,0.726545842217484,0.9732238486254908,47,77,90,6.4031242374328485
sorghum,168,453.3868637084961,0.318748637244752,0.7310673822301729,0.9697065569880566,59,96,111,10.816653826391967
pearl_millet,260,323.07820773124695,0.7631347105299923,0.6764705882352942,0.9358651424142608,34,57,67,26.019223662515373
pearl_millet,354,537.1858531236649,0.8529697549804034,0.5255129348795718,0.7761528326745718,36,68,87,16.97056274847714
pearl_millet,125,311.36247777938837,0.5577112154430134,0.7125245166713365,0.947201787875966,37,64,71,19.091883092036785
sorghum,447,400.81832110881805,0.3793260074021073,0.741930729550479,0.9745898068825324,47,74,85,15.620499351813306
sorghum,407,448.9604572057724,0.2468945986886694,0.7835097001763669,0.9780625884573046,37,71,86,16.643316977093242
sorghum,261,463.3036031723023,0.5105983114214935,0.7457288258814977,0.969365254370767,47,69,78,11.180339887498945
sorghum,245,457.3036028146744,0.5677157983153712,0.7755328467153285,0.9773346088748252,40,79,97,21.0
pearl_millet,296,381.7472542524338,0.7878591097916391,0.6238317757009346,0.9060132575757576,57,83,88,24.166091947189145
sorghum,212,528.4995610713959,0.3266968892739017,0.7056667470460574,0.9600104976544304,63,94,108,6.708203932499369
sorghum,252,458.5168067216873,0.4495994380406751,0.7559414390756303,0.9660220646839212,37,61,75,21.840329667841555
pearl_millet,11,371.0193325281143,0.7079233497631321,0.6552676295666949,0.9321649796041698,42,60,65,18.867962264113206
sorghum,202,459.5878736972809,0.5687708733905966,0.7108440407620735,0.9743044748927772,58,92,110,15.811388300841895
sorghum,49,432.3746707439423,0.3995039443550393,0.7430418584264739,0.966275590177172,36,63,77,18.439088914585774
pearl_millet,78,313.5634889602661,0.7777025042028186,0.5922760367204811,0.8951082406410716,31,52,63,25.495097567963924
pearl_millet,271,300.24978053569794,0.6127366922021248,0.7341230198373055,0.9551573670039922,34,59,68,19.924858845171283
sorghum,73,480.31579566001886,0.3367136442109479,0.7489309553608677,0.979638472032742,43,73,85,10.606601717798213
sorghum,158,459.9726489782333,0.12977906832795347,0.7180257207461843,0.9581801037246582,37,61,73,15.556349186104045
sorghum,225,427.6467490196228,0.3961414287036663,0.7235511208310552,0.9643393906271348,42,72,85,14.31782106327635
pearl_millet,45,388.3330410718918,0.7330041789518343,0.6544267645858833,0.9275697556744252,56,78,84,16.97056274847714
sorghum,302,468.07315492630005,0.6018060843125733,0.6873042505592841,0.9656608517994656,42,71,87,14.7648230602334
sorghum,113,449.93102037906647,0.3869323866330197,0.7247551502870652,0.9784566282913484,52,84,98,12.806248474865697
sorghum,166,447.54624354839325,0.40973657385955786,0.7259236826165959,0.9645443977465796,35,60,73,14.560219778561034
sorghum,449,516.8427069187163,0.5678928644258935,0.7021739130434783,0.9494016376233466,34,57,73,8.246211251235321
sorghum,122,465.2447280883789,0.4586901522807037,0.7291119860017498,0.9752779403159744,40,76,92,13.41640786499874
pearl_millet,314,342.63455617427826,0.5475780510106862,0.532387365720699,0.7425919713742593,23,42,52,16.0
pearl_millet,202,346.291410446167,0.82684305770564,0.7024082568807339,0.9478978591694608,33,54,62,27.202941017470888
pearl_millet,40,389.06096184253687,0.8779847954532536,0.5171343537414966,0.9134810364250844,35,51,56,-4.242640687119285
pearl_millet,322,387.74725449085236,0.7246099847601389,0.6559869528619529,0.9288587604290822,33,53,64,17.029386365926403
pearl_millet,158,315.9482649564743,0.6550376993169436,0.6521493212669683,0.9412244897959184,46,62,67,7.071067811865476
sorghum,298,506.4579313993454,0.4931556518287605,0.7263565891472868,0.9313744980318874,40,71,83,17.464249196572982
pearl_millet,100,396.09039986133575,0.8023772036871131,0.4694125159642401,0.8068269125233235,46,69,77,15.132745950421555
sorghum,263,507.1442222595215,0.3902044009069512,0.7316201833054105,0.9745651460452904,45,70,80,12.806248474865697
sorghum,408,487.1442221403122,0.4375735527713264,0.7179833285971393,0.9813562065059072,35,71,85,14.142135623730953
sorghum,415,506.7005717754364,0.4831247822314739,0.7032183057654706,0.971242974965331,41,70,85,9.848857801796104
pearl_millet,104,296.0071403980255,0.7136877759884369,0.6921919543870764,0.9309830652891682,43,58,62,21.92031021678297
pearl_millet,130,319.4629836082458,0.6766631497806233,0.6155289276204309,0.9227070670416402,42,63,73,20.591260281974
pearl_millet,290,318.63455665111536,0.7420951468866045,0.6655528937082336,0.9452054794520548,36,57,67,21.2602916254693
pearl_millet,226,390.67618668079376,0.7513079768147699,0.6344866071428571,0.8719325153374233,54,81,90,24.698178070456933
pearl_millet,108,570.3990564346312,0.5803593540919433,0.6101001271455817,0.7855425384969561,54,77,86,7.211102550927977
sorghum,6,416.4751759767532,0.5796816325491977,0.7125849149100077,0.9756916143261256,37,62,73,15.0
sorghum,296,432.7178163528442,0.3643849916381661,0.7108704137392662,0.9686211939901608,32,61,72,8.48528137423857
pearl_millet,207,375.1614677906037,0.688689108519866,0.6671156004489338,0.9167887714968768,47,70,79,13.45362404707371
pearl_millet,156,344.29141104221344,0.8133228928227808,0.5711406936980947,0.9017547242576168,32,49,57,10.0
pearl_millet,288,423.7888842821121,0.6136834344293255,0.6586763939551851,0.9225155090621578,51,80,88,22.82542442102665
pearl_millet,273,407.7888844013214,0.6078359401211549,0.5675752818609962,0.8424062698580809,38,61,71,24.515301344262525
pearl_millet,255,336.291410446167,0.7189733629923462,0.686766862170088,0.9485275504176862,41,58,64,19.723082923316017
pearl_millet,393,382.57568180561066,0.7636778081498622,0.6390228818800248,0.8975071658125597,32,48,53,29.546573405388315
pearl_millet,111,555.4284936189651,0.6451368277085843,0.5212295236302015,0.7668813629752753,49,79,88,2.0
sorghum,281,446.13203048706055,0.5800432094481797,0.7414018026565465,0.98008936270283,45,69,79,12.206555615733702
pearl_millet,342,357.0193326473236,0.6673413878152339,0.7172072567344695,0.9459106728538283,37,66,78,10.77032961426901
sorghum,357,408.4751760959625,0.3314928772375828,0.7399304549405972,0.9779777862887784,31,66,79,16.15549442140351
sorghum,391,499.14422249794006,0.3748557276042092,0.7513070849338455,0.970303510524684,59,90,104,12.206555615733702
pearl_millet,101,320.14927542209625,0.8012330258141699,0.6672385620915032,0.9112921222941308,28,41,48,24.698178070456933
sorghum,67,495.4873676300049,0.6413351234029971,0.7308007582355653,0.9731545913494336,53,90,109,14.866068747318506
pearl_millet,331,361.0193321704865,0.7265834236129673,0.7148427672955975,0.9288983327884929,33,51,60,26.47640458974745
pearl_millet,42,333.90663480758667,0.7244868615230502,0.7373737373737373,0.951442422315823,35,60,67,18.35755975068582
sorghum,42,496.3157953023911,0.3248735181346309,0.7411412358133671,0.9601388605268532,33,66,85,15.556349186104045
pearl_millet,169,445.5462433099746,0.7940671221660576,0.519506628993697,0.8029730410682792,31,49,59,15.231546211727816
sorghum,134,443.7888835668564,0.5046858806484683,0.7060827250608273,0.9752163320171384,57,87,100,15.556349186104045
sorghum,72,519.1442229747772,0.4349501584694929,0.7463155515370705,0.9796457288668664,43,78,92,13.892443989449804
sorghum,123,488.21529006958013,0.2836969536101364,0.6952939022157114,0.9548998239584208,40,69,82,7.6157731058639095
pearl_millet,12,370.1909054517746,0.788120670558058,0.6773707221468416,0.8707364341085271,55,78,86,22.36067977499789
pearl_millet,289,340.53405141830444,0.5752008192747143,0.6513747296879827,0.8924867724867724,39,57,62,26.1725046566048
sorghum,4,422.61731112003326,0.2703053250363397,0.7233137279439369,0.9770114942528736,41,74,90,15.620499351813306
pearl_millet,56,330.2914109230041,0.794502442870238,0.6536158192090396,0.9524946484439322,46,69,77,13.038404810405297
sorghum,152,513.9726496934892,0.5402704787165763,0.7284149263950702,0.9443852640923214,31,56,68,13.41640786499874
sorghum,279,425.0609619617462,0.4782081484480466,0.6898511781727987,0.956989247311828,35,62,77,14.866068747318506
sorghum,15,474.17366075515747,0.2411316280643384,0.7511074197120708,0.9729438954415046,43,73,85,14.422205101855955
sorghum,205,471.5462440252304,0.4959987864314463,0.7405531864487088,0.9728079047693146,49,82,99,8.602325267042627
pearl_millet,27,408.1320298910141,0.6419338197423499,0.6598822324628776,0.8961321164710995,39,61,67,17.08800749063506
sorghum,301,411.6883790493012,0.4648513213043923,0.7116995073891625,0.9592762684667736,34,61,75,21.2602916254693
pearl_millet,278,315.46298348903656,0.7017132448576027,0.6251227295041728,0.939760147601476,53,76,83,24.59674775249769
pearl_millet,175,451.1025924682617,0.68702589595717,0.6722689075630253,0.9011828024281869,53,80,88,9.433981132056603
sorghum,95,410.1320301294327,0.4656834982101668,0.7198775239986759,0.9627580100713852,36,52,65,18.439088914585774
sorghum,411,513.0437171459198,0.5353797753571218,0.7393129770992366,0.9538739330269206,36,64,76,25.0
sorghum,418,457.0609625577927,0.3575980852408593,0.8030723613652135,0.9781389273090518,42,76,90,16.643316977093242
sorghum,90,460.7594462633133,0.4305689675406638,0.7447131745260087,0.975949669507048,42,68,78,12.041594578792296
sorghum,329,457.34523367881775,0.15440989138728844,0.7377982351018629,0.9806682836766464,35,72,90,12.727922061357855
pearl_millet,247,463.8305141925812,0.6175783894453744,0.6072364725706797,0.8645208583233374,51,74,82,10.0
sorghum,260,399.8477588891983,0.4103077839368491,0.7812691131498471,0.9789251844046364,44,70,87,18.867962264113206
sorghum,328,510.073154091835,0.5912140732102665,0.7470944508102799,0.9532827403745736,57,92,105,13.601470508735444
sorghum,197,435.93101954460144,0.3694772473594632,0.7374112435671943,0.9747696546973219,37,65,79,13.892443989449804
sorghum,267,529.1442228555678,0.5239734045740501,0.6724235360598997,0.8875576896181996,30,58,72,14.849242404917495
sorghum,442,450.2741659879685,0.3459176405878971,0.7425291437363157,0.9758525488976164,47,68,81,14.142135623730953
sorghum,169,476.80107688903814,0.4814470901820576,0.7347461443206124,0.9771315218204956,42,75,93,14.422205101855955
pearl_millet,349,353.5046133995056,0.8020631651990824,0.6381578947368421,0.927120669056153,29,47,53,21.0
pearl_millet,16,369.2030973434448,0.7862741045850681,0.5952131376659678,0.9143853998926462,27,45,53,19.104973174542803
sorghum,131,488.80107605457306,0.4248910557675953,0.7271962706651288,0.9815451478982876,34,71,88,2.8284271247461903
sorghum,172,522.4579315185547,0.3379465062424296,0.7481336231336231,0.9739796389136652,57,97,112,12.020815280171306
sorghum,114,436.6589422225952,0.2969656989669939,0.7119493287956136,0.9711154094132818,44,73,86,10.816653826391967
sorghum,378,507.8721445798874,0.5908983279354065,0.7118381618381618,0.9711073253833048,44,76,89,18.35755975068582
sorghum,410,483.3452333211899,0.5203944557801571,0.7264736597818521,0.9693814353177984,42,80,98,17.691806012954128
pearl_millet,137,513.1442227363586,0.8181577469173563,0.6345670803782506,0.8948327950828211,43,78,90,18.788294228055932
sorghum,218,531.7300087213516,0.5234164985734732,0.7824420164845697,0.9721941053885084,44,78,96,13.41640786499874
sorghum,235,424.0315251350403,0.6244275145055067,0.7310220056121696,0.965381052220976,40,74,90,21.840329667841555
sorghum,428,473.0437173843384,0.3882703684795328,0.7231696813092162,0.9675783650891212,39,71,85,7.6157731058639095
pearl_millet,32,323.07820773124695,0.7631347105299923,0.6764705882352942,0.9358651424142608,35,60,71,30.0
pearl_millet,243,433.4457386732101,0.7340830676442801,0.6656656656656657,0.8810864524677046,31,60,76,29.068883707497267
pearl_millet,275,577.0264726877213,0.7273653847963296,0.5833859427609428,0.7600932209198711,40,67,77,23.40939982143925
pearl_millet,23,380.6761865615845,0.7333403202927654,0.6814440703329592,0.9633743223588525,37,73,88,21.40093455903269
sorghum,265,477.4873683452606,0.34858798978698463,0.7347350230414746,0.9578222778473092,28,58,70,12.806248474865697
pearl_millet,303,423.7888842821121,0.6136834344293255,0.6586763939551851,0.9225155090621578,49,77,84,16.492422502470642
pearl_millet,193,591.8132692575455,0.8502475005058152,0.5766590389016019,0.8459214501510574,68,100,111,18.35755975068582
pearl_millet,218,261.4213535785675,0.6737575536064386,0.5833543505674653,0.8506803972048548,30,43,52,17.029386365926403
sorghum,115,482.13203048706055,0.5314010779785394,0.7806136301927776,0.9693189480782198,36,60,75,16.1245154965971
pearl_millet,17,344.6345565319061,0.7667110584806669,0.6623636363636364,0.941343669250646,38,60,69,21.213203435596427
pearl_millet,28,303.3208483457565,0.6678610462277387,0.6720988820658164,0.918846195242708,29,53,67,25.94224354214569
sorghum,184,466.6589411497116,0.27146894945182404,0.7248455923638405,0.9683819668441978,52,84,98,14.849242404917495
sorghum,294,457.9310200214386,0.41585015928265373,0.7487281976744186,0.970370079667203,43,71,86,16.55294535724685
sorghum,231,460.2741657495498,0.3583643390573465,0.7441887160649716,0.9747406405051872,38,72,83,14.212670403551895
sorghum,277,537.6295037269591,0.304897732253901,0.7467059235074627,0.952549180023056,47,76,92,10.295630140987
pearl_millet,164,317.3208476305008,0.7886035234343693,0.6377476155539251,0.9599668691330756,37,52,57,12.529964086141668
pearl_millet,381,369.0193325281143,0.8386484528531492,0.6161814109742442,0.9435553015147184,37,61,70,31.0
sorghum,69,470.13203048706055,0.4535316914739337,0.7705548128342246,0.9800906900949412,51,85,101,17.804493814764854
sorghum,417,436.8599518537522,0.3219667235393441,0.7599735299678578,0.9770296548371414,45,83,99,16.263455967290593
sorghum,118,490.8010771274567,0.3503050530719881,0.7258220996732027,0.9775462485386148,51,83,96,6.4031242374328485
sorghum,88,445.3452342748642,0.5478226963117759,0.6927102687972253,0.96409792259288,37,68,83,5.830951894845301
sorghum,339,486.4163008928299,0.5107135324522915,0.743826486013986,0.9757058907840046,47,75,87,13.601470508735444
sorghum,419,527.9137753248215,0.4121191884952576,0.7560388775072657,0.973915978764538,33,61,77,11.6619037896906
sorghum,405,414.81832194328314,0.4901411075755379,0.7790658882402002,0.964630557133268,41,64,78,23.323807579381203
pearl_millet,170,349.84775936603546,0.8165306188856558,0.6361997226074896,0.9183183183183184,29,51,62,25.0
sorghum,362,473.286357998848,0.5936931986027046,0.713398813936249,0.9685495030821488,43,66,77,9.192388155425117
sorghum,353,514.2152898311615,0.6109411408332502,0.7070788107597924,0.9733012862154086,40,72,85,12.727922061357855
sorghum,27,503.6295043230057,0.4069058279142171,0.7097935901774061,0.9724494188549291,46,76,90,2.1213203435596424
pearl_millet,263,380.6761865615845,0.7333403202927654,0.6814440703329592,0.9633743223588525,37,74,90,25.612496949731394
pearl_millet,277,439.1025928258896,0.7403137215693792,0.6557739557739558,0.8794069192751236,31,52,62,19.235384061671343
sorghum,14,442.8599518537522,0.3602038245763287,0.7323757381889764,0.9737057332133804,43,72,87,13.601470508735444
pearl_millet,238,703.1513630151749,0.6042666321723793,0.6053728578045391,0.814372501168285,52,76,81,11.6619037896906
sorghum,315,458.85995173454285,0.3254056748997716,0.7404128959276018,0.9814072047081756,51,78,89,13.892443989449804
pearl_millet,368,377.1198377609253,0.7083718368811383,0.7305153991200503,0.9465861273245556,50,72,80,28.071337695236398
sorghum,384,433.4457383155823,0.5470988480400707,0.7105413105413105,0.976337538060026,42,72,90,5.0
pearl_millet,90,451.1025924682617,0.68702589595717,0.6722689075630253,0.9011828024281869,50,76,83,7.280109889280517
pearl_millet,201,402.61731147766113,0.4850902430933983,0.6573751451800233,0.8430459877117855,34,51,62,24.0
pearl_millet,282,371.0193325281143,0.7079233497631321,0.6552676295666949,0.9321649796041698,40,56,61,12.806248474865697
pearl_millet,215,360.1909053325653,0.6918533671182029,0.7049482163406214,0.9356957385061858,46,74,87,20.0
sorghum,282,448.85995173454285,0.4547193055162882,0.7404551630434782,0.9613247486329158,31,58,73,15.264337522473747
sorghum,59,432.8599523305893,0.2457932948693981,0.7366933434959351,0.9752785368929998,43,77,92,10.606601717798213
pearl_millet,361,554.4995603561401,0.7898523228318679,0.5595609962009287,0.7691325790542499,41,71,84,-1.0
pearl_millet,310,320.2914109230041,0.6556148545418854,0.6802066980638409,0.9410859728506789,36,63,72,21.213203435596427
pearl_millet,233,337.5634888410568,0.6290613844142458,0.7412265154200638,0.9575637307281332,43,73,84,26.925824035672523
pearl_millet,212,302.1492751836777,0.7306851214271302,0.652558206381144,0.9231473010064044,34,51,60,21.095023109728988
pearl_millet,258,293.52185893058777,0.6419506655215705,0.7142695099818511,0.9089203233256352,33,60,72,14.212670403551895
pearl_millet,239,317.5634888410568,0.5654372560214226,0.6785714285714286,0.951087845575004,45,66,75,16.1245154965971
sorghum,161,464.9604567289352,0.41114407494055866,0.7371176470588235,0.9694039376474684,42,77,92,8.48528137423857
sorghum,240,489.0437172651291,0.4401506225035891,0.7192873303167421,0.9677713937825806,32,56,70,12.020815280171306
pearl_millet,339,498.11478555202484,0.6870837110120047,0.6028162511542013,0.8476920080503798,39,61,70,11.31370849898476
pearl_millet,392,284.1076452732086,0.720499918611483,0.7690145502645502,0.9598596636054072,44,69,76,25.495097567963924
sorghum,434,397.64674842357635,0.3527552653391371,0.7524853801169591,0.9791686483401504,43,75,92,18.788294228055932
sorghum,345,488.65894198417664,0.3612979665630012,0.7670014094432699,0.9736106451973612,50,85,99,13.41640786499874
sorghum,331,438.85995149612427,0.6178210475339745,0.7372209165687427,0.9839632998745296,46,74,88,14.7648230602334
pearl_millet,97,284.1076452732086,0.720499918611483,0.7690145502645502,0.9598596636054072,43,66,73,24.186773244895647
sorghum,457,482.8010756969452,0.5543487603247607,0.6940948972523666,0.95557674732785,39,74,91,12.529964086141668
pearl_millet,389,382.7766919136048,0.8088173389628217,0.628673245614035,0.9166266986410871,42,69,79,27.0
sorghum,258,467.3452330827713,0.5300364030259571,0.7511132315521628,0.9626594920712568,52,85,100,14.866068747318506
pearl_millet,55,405.2030974626541,0.7689558009034507,0.6178209459459459,0.9164752557945292,39,68,82,22.203603311174522
pearl_millet,359,346.53405141830444,0.5063692554810041,0.6251604621309371,0.8608042421564295,39,62,69,18.439088914585774
sorghum,174,467.0020871162415,0.472858337885036,0.7292486876640419,0.9755678285358984,41,73,92,13.435028842544405
sorghum,3,489.73000836372375,0.4018883058568225,0.7602503912363068,0.9777926870177792,48,85,99,9.192388155425117
pearl_millet,372,274.93607246875763,0.4878973066497844,0.6628436498566369,0.94176851186197,32,53,62,13.45362404707371
pearl_millet,172,307.32084894180304,0.4245377417964815,0.7153775803501438,0.947318339100346,51,81,91,24.738633753705958
sorghum,198,479.93101954460144,0.3336789730873901,0.7227530991735537,0.9534517269281548,38,63,79,7.280109889280517
sorghum,129,536.9432119131088,0.19461458306544566,0.7457959376476145,0.9650082513293808,44,71,84,11.704699910719626
sorghum,363,494.55843603610987,0.3728591338182644,0.6649739130434783,0.9125101427139516,24,50,67,14.142135623730953
sorghum,274,437.0609625577927,0.34545563569176874,0.7790067435558077,0.9806807362741988,47,76,85,15.556349186104045
sorghum,201,450.8599534034729,0.3325061712098193,0.7211544621692614,0.9632054079493432,38,66,79,14.142135623730953
pearl_millet,146,554.4995603561401,0.7898523228318679,0.5595609962009287,0.7691325790542499,42,76,91,16.1245154965971
sorghum,13,502.55843603610987,0.4984915316542477,0.7529411764705882,0.9692380501656412,46,83,100,21.2602916254693
pearl_millet,397,462.55843591690063,0.8094078462424128,0.5626984126984127,0.8471361362108879,32,50,63,18.027756377319946
sorghum,159,457.5462440252304,0.3853984828707177,0.7211421216637312,0.9538551140181892,48,80,99,21.02379604162864
sorghum,183,454.47517561912537,0.2911320625714427,0.7742069128787878,0.9775801509603168,40,82,100,9.848857801796104
sorghum,130,413.98989474773407,0.4005104804565328,0.7472527472527473,0.9741116988905014,37,72,87,8.94427190999916
sorghum,92,394.4335457086563,0.3275220612182633,0.7487532175032175,0.9730817478569936,36,64,75,17.029386365926403
sorghum,395,389.6467490196228,0.5973238001295701,0.7129358830146232,0.9763787614254904,39,66,80,15.556349186104045
sorghum,327,461.5878738164902,0.4924296829872663,0.7474461538461539,0.9724190384692366,36,67,84,13.0
sorghum,78,491.688379406929,0.5303381703408171,0.7721088435374149,0.982243020609635,51,87,102,21.37755832643195
pearl_millet,333,354.0487701892853,0.6440392178657248,0.6059506531204645,0.8540015341344924,32,60,75,8.06225774829855
sorghum,163,467.4873683452606,0.2788034136160116,0.7243333333333334,0.9641416585995484,39,68,81,9.433981132056603
pearl_millet,154,374.77669167518616,0.6001835885696446,0.638236732697481,0.8935204998716083,34,58,67,13.45362404707371
pearl_millet,315,346.8771966695785,0.7260701210463842,0.7041719342604298,0.9595176571920758,45,69,76,20.615528128088304
pearl_millet,301,504.01427948474884,0.6607538958230031,0.5748538011695906,0.8098867147270855,44,71,80,11.180339887498945
sorghum,97,470.27416455745697,0.3263201546388356,0.767008547008547,0.9787682687413656,47,83,99,14.142135623730953
pearl_millet,217,349.01933240890503,0.5150707795189489,0.7163615560640733,0.9569736339319832,49,76,85,30.08321791298265
pearl_millet,252,484.75944662094116,0.6564378119849903,0.6044025157232704,0.8458266099457239,33,55,64,15.620499351813306
sorghum,31,438.51680636405945,0.4286509224954048,0.7214657738095238,0.9471088103145144,45,63,75,17.4928556845359
sorghum,107,482.90158128738403,0.5265457774890111,0.7004251062765692,0.9767409422185026,44,73,84,11.401754250991381
pearl_millet,281,320.53405094146734,0.8441165929675596,0.6027289425347678,0.9229532898041184,49,79,89,11.6619037896906
pearl_millet,206,274.4924206733704,0.6348805020347984,0.6840091190359876,0.9625343721356554,37,58,66,19.849433241279208
sorghum,71,457.20309805870056,0.5024673972284898,0.7777744342802119,0.9808363691560412,43,77,91,15.811388300841895
sorghum,230,478.8010773658752,0.3925034616215991,0.714625104427736,0.9779913537461146,56,89,101,11.401754250991381
pearl_millet,118,407.30360329151154,0.7973865438649019,0.615015015015015,0.9157847667312564,43,64,72,1.4142135623730951
sorghum,157,433.3036035299301,0.4197562460110813,0.7410984848484848,0.976338004740716,52,85,100,18.867962264113206
pearl_millet,54,351.5046137571335,0.848481764745747,0.5617025620087782,0.93397827562797,39,67,77,24.839484696748446
sorghum,338,467.0020885467529,0.44346249963692735,0.7297653794342165,0.9751368784219604,43,87,104,10.63014581273465
sorghum,124,516.8427078723906,0.3133828918358748,0.7111724137931035,0.9711810133735168,41,77,95,13.435028842544405
pearl_millet,147,540.3574256896974,0.6801407872401845,0.6079042638777152,0.8466979480355767,54,78,84,18.027756377319946
sorghum,303,466.759446978569,0.29745916260537664,0.7365800865800866,0.978998849252014,44,73,84,14.142135623730953
sorghum,34,489.58787274360657,0.5427837161171171,0.7463768115942029,0.9803406741278019,53,90,107,15.231546211727816
sorghum,425,528.1147850751877,0.5833361061960107,0.7036707983011181,0.9769253910950662,48,79,92,1.4142135623730951
pearl_millet,329,358.39191579818726,0.7794560511301882,0.6867798665858096,0.9646507666098808,36,68,82,30.59411708155671
sorghum,75,444.1320298910141,0.6160851698963219,0.7575333333333333,0.9758254970157584,44,80,95,24.698178070456933
sorghum,94,481.0020878314972,0.6519545487154446,0.6943034866590276,0.9645252984650371,38,64,77,3.1622776601683795
sorghum,229,435.3452328443527,0.4842555677041071,0.7312302612690209,0.9641319263710784,42,79,96,15.811388300841895
pearl_millet,163,303.3208483457565,0.6678610462277387,0.6720988820658164,0.918846195242708,28,48,59,23.259406699226016
pearl_millet,37,286.24978017807007,0.4720624370967301,0.6898752127056155,0.9570178026949936,36,64,73,21.095023109728988
pearl_millet,225,374.4335454702377,0.6646637934714557,0.6311827956989248,0.929117060078453,34,58,68,24.515301344262525
sorghum,36,459.3036031723023,0.4289436641748863,0.7405106970324362,0.9466254962505514,55,86,100,15.231546211727816
pearl_millet,115,366.1909054517746,0.4177571665193427,0.5673444976076555,0.8738830032243206,53,74,81,12.083045973594572
pearl_millet,123,430.4751760959625,0.5681860234653396,0.6324786324786325,0.904259611504986,48,84,94,20.8806130178211
sorghum,413,460.9015817642212,0.2890505595852801,0.7029187141081049,0.9678024127812196,38,73,88,8.48528137423857
sorghum,160,469.4873696565628,0.5590392532512523,0.7313039309683605,0.9775016909330392,44,75,88,13.45362404707371
sorghum,70,452.0315245389938,0.3114879979816353,0.7604440275171982,0.9721766939836098,45,72,83,15.811388300841895
sorghum,278,410.9604579210282,0.44411601761330893,0.7460689655172413,0.9812689917910108,51,77,90,15.556349186104045
sorghum,25,556.256920337677,0.3658307116888921,0.7132298136645963,0.968321340229368,49,84,103,2.8284271247461903
sorghum,10,479.2447291612625,0.5882351426786598,0.7326015490054048,0.9714792374759864,44,73,85,6.363961030678928
sorghum,145,469.3452328443527,0.4018931720247176,0.7686549499970412,0.9770949300436288,41,71,84,10.606601717798213
pearl_millet,391,377.2619725465775,0.655055315570593,0.6180778032036613,0.9232925411909484,33,56,64,2.0
pearl_millet,132,359.1198379993439,0.7242056649036221,0.6118924392439244,0.903405315614618,37,71,84,17.204650534085253
pearl_millet,326,412.3330408334732,0.8610567081177628,0.6430684931506849,0.8484059856864021,32,48,57,27.29468812791236
sorghum,406,433.5462439060211,0.6146740025931025,0.747517590583284,0.9712491455912508,48,83,98,16.401219466856727
sorghum,65,462.71781623363495,0.5449724675444975,0.7534202146479537,0.9693118883241028,41,71,86,10.0
pearl_millet,18,303.32084822654724,0.8462855129463857,0.6563727801351563,0.9311113588228735,31,47,54,24.698178070456933
pearl_millet,10,446.1736605167389,0.7980943126593093,0.5267610619469026,0.8618173394336016,47,83,95,11.31370849898476
pearl_millet,120,312.291410446167,0.7608105343216209,0.7000156201187129,0.9308339391421748,36,55,63,28.42534080710379
sorghum,33,454.0731545686722,0.5276350835340928,0.7128063725490196,0.9676426551322576,42,74,90,10.606601717798213
sorghum,214,504.80107641220087,0.5594744805285675,0.725479797979798,0.9739634539105672,42,66,76,9.899494936611664
sorghum,358,474.7594468593597,0.433448858334075,0.7409220950704225,0.9788130973579968,50,70,80,15.620499351813306
pearl_millet,190,489.00208699703217,0.8053634702315089,0.4619271205471063,0.6877136995669022,22,37,47,3.6055512754639887
sorghum,190,497.2447279691696,0.3619600332969472,0.7696414182111201,0.9737169071967888,39,74,90,16.278820596099706
sorghum,226,495.20309793949133,0.4926979475317146,0.7793317983637877,0.9811582582953003,47,85,101,16.643316977093242
pearl_millet,229,629.5117537975311,0.7348318468363939,0.5427620200622622,0.7766984284123252,49,78,93,16.1245154965971
pearl_millet,74,424.03152477741236,0.2955262237326005,0.6586043761088114,0.8809523809523809,38,68,80,17.4928556845359
pearl_millet,362,320.29141020774836,0.6001177378062701,0.6683501683501684,0.9339548662542476,30,50,64,21.2602916254693
sorghum,209,457.1025928258896,0.4960882206742068,0.7411891310196395,0.9609347750261598,31,59,73,16.55294535724685
pearl_millet,94,389.9898946285248,0.8343395349757546,0.6308186195826645,0.950220452282748,41,59,66,21.40093455903269
pearl_millet,65,519.8721442222595,0.9049600923223076,0.4896505376344086,0.8191579065714768,48,77,88,4.949747468305833
pearl_millet,53,357.0193326473236,0.6673413878152339,0.7172072567344695,0.9459106728538283,37,68,81,14.7648230602334
sorghum,440,488.90158200263977,0.3680871480417986,0.7282945736434109,0.966137799324225,38,66,81,16.1245154965971
sorghum,44,452.7178168296814,0.4028972579150449,0.7742401870308847,0.9774368932038836,38,69,87,16.97056274847714
pearl_millet,344,496.7594465017319,0.7970017323935296,0.4728014085812251,0.7822753756516406,42,69,82,7.810249675906653
pearl_millet,401,361.9482645988464,0.5438336967474813,0.6700343642611684,0.9100158685708952,32,52,61,23.3452350598575
pearl_millet,240,318.63455665111536,0.7420951468866045,0.6655528937082336,0.9452054794520548,37,58,70,28.284271247461906
pearl_millet,22,290.83556663990015,0.6277603064458956,0.6909949164851126,0.958303958102528,44,69,79,25.45584412271571
pearl_millet,394,368.4335453510285,0.7677030211150847,0.5943576285339377,0.8787477954144621,26,40,50,2.23606797749979
pearl_millet,199,364.91882717609406,0.8424432454555115,0.6552177177177178,0.9111710457630068,28,47,59,25.238858928247925
pearl_millet,302,453.3868635892868,0.6898683059196259,0.6665966386554621,0.8902918069584737,39,66,78,4.47213595499958
sorghum,30,433.10259211063385,0.4679275612867043,0.6910493827160494,0.9645872824401172,47,77,89,12.020815280171306
sorghum,342,481.10259306430817,0.3594287173013745,0.7732409381663113,0.9804663737749242,46,78,92,12.727922061357855
pearl_millet,336,439.24472773075104,0.7722563300037942,0.6139970161399702,0.8329346826126955,46,70,77,13.038404810405297
sorghum,23,473.3452328443527,0.5111435327082121,0.7693194600674915,0.9764428739693758,47,79,92,10.606601717798213
sorghum,273,437.54624378681183,0.276435681938458,0.7527679059595407,0.970911014147825,38,67,80,19.104973174542803
sorghum,1,429.16146838665014,0.4843340417652255,0.7485505830239072,0.9792492223784568,41,78,95,16.1245154965971
pearl_millet,152,423.7888845205307,0.7459083345862693,0.6430619266055045,0.9181334424887434,27,46,53,2.8284271247461903
pearl_millet,150,339.60511863231665,0.7562155018937149,0.7141048824593128,0.9582625576316428,39,63,75,25.238858928247925
pearl_millet,135,368.09040009975433,0.7969990354124737,0.6386850152905199,0.9521312970139048,30,62,78,27.892651361962706
sorghum,349,531.3868625164032,0.41108364107075335,0.7372448979591837,0.9630415025749772,46,83,98,7.071067811865476
pearl_millet,345,314.14927542209625,0.8843711212563088,0.5765676567656766,0.906308362730857,29,43,50,7.6157731058639095
pearl_millet,60,322.6345565319061,0.5363658858723261,0.6310416666666666,0.9207619819637248,33,60,73,21.633307652783934
sorghum,325,494.21529030799866,0.6024115954351734,0.7299411940596033,0.9767596945750392,42,81,96,12.806248474865697
pearl_millet,305,192.99494767189026,0.8577810043135968,0.6678291194420227,0.8791965566714491,23,50,74,-4.47213595499958
sorghum,173,483.1025927066803,0.3327026755628483,0.7511877828054299,0.9719701405152223,34,71,87,14.31782106327635
sorghum,454,456.2741652727127,0.5464471788058171,0.7426908592947621,0.969867668097282,34,55,67,9.899494936611664
sorghum,180,487.6295038461685,0.3386122123690984,0.7258377425044091,0.9640054655475307,35,57,70,9.219544457292887
sorghum,372,476.80107605457306,0.5526906360957139,0.7215380405035577,0.9728423305413084,42,75,88,5.385164807134505
sorghum,287,479.78888392448425,0.5487325114134428,0.7574740207833733,0.9768736469537128,42,75,88,19.104973174542803
sorghum,248,531.1442220211029,0.4887245416186033,0.7373076201201201,0.9661819411565776,62,93,107,9.899494936611664
sorghum,220,455.3452327251434,0.3678715297975366,0.7114444179389313,0.9715367700952846,50,73,83,11.6619037896906
sorghum,364,439.5878731012344,0.3413756850000085,0.7224685883222468,0.9757923633641128,65,98,115,12.041594578792296
sorghum,110,512.4579305648804,0.4515868659513877,0.7327612863327149,0.9579262952233376,57,90,105,10.816653826391967
sorghum,416,463.83051455020905,0.4315176189082263,0.7323823529411765,0.9684206432543848,44,79,96,17.08800749063506
sorghum,350,426.57568180561066,0.4249180658923893,0.7616637168141593,0.977112756005631,49,79,93,16.97056274847714
sorghum,96,450.51680636405945,0.3590484812494661,0.7529430894308943,0.9702061682869596,32,65,79,14.866068747318506
sorghum,182,445.0609631538391,0.3539488691659268,0.784525939177102,0.9850260172949499,40,74,87,14.866068747318506
sorghum,57,478.0315248966217,0.5019984079322845,0.7487229745782846,0.9642392717815343,47,82,98,15.0
sorghum,141,446.6173117160797,0.6210585589271338,0.7588620013080445,0.9718976420823386,40,66,77,15.652475842498527
sorghum,232,411.5046135187149,0.4373988774912472,0.7548202408015492,0.9612394789041976,45,87,103,17.029386365926403
pearl_millet,253,281.17871308326716,0.4570828181480443,0.7257722007722007,0.9247325052269092,32,48,57,26.41968962724581
pearl_millet,1,371.2619729042053,0.8114734853453729,0.5754815945069617,0.9179342865835108,29,53,63,27.018512172212592
pearl_millet,86,362.09040009975433,0.7020792815782826,0.638700351935646,0.9223997095661643,49,78,89,21.54065922853801
sorghum,101,447.203097820282,0.3609185223652659,0.75153125,0.9777208602675124,41,73,88,16.1245154965971
sorghum,377,438.37467098236084,0.5012180655458077,0.7383051907442152,0.9788160185722576,39,68,79,13.601470508735444
pearl_millet,2,374.77669179439545,0.6272908874463139,0.6626189532117367,0.9199697219928432,38,61,70,7.6157731058639095
sorghum,150,571.570628285408,0.4298295296494508,0.6553861788617886,0.9001116590676468,34,61,78,3.1622776601683795
sorghum,347,414.6761868000031,0.3878420313007496,0.7689065212000992,0.9638916230637724,36,60,74,23.53720459187964
pearl_millet,109,312.1492750644684,0.5651430135248058,0.6859340659340659,0.9429003021148036,33,51,60,23.853720883753127
sorghum,89,437.54624366760254,0.3388156569062377,0.7484491315136477,0.9695954995981784,37,66,85,18.973665961010283
pearl_millet,198,324.49242138862616,0.8433615644931489,0.614867659222498,0.8543312742422066,45,71,78,9.848857801796104
sorghum,93,457.445739030838,0.5234381587557325,0.7509142857142858,0.9792831060436694,58,89,105,17.677669529663692
sorghum,334,505.77163898944855,0.4177043002049914,0.7366180351541104,0.9771781491511988,40,65,76,15.811388300841895
pearl_millet,191,409.688379406929,0.7156510478847115,0.5644203312392918,0.8519827586206896,26,40,49,18.35755975068582
pearl_millet,63,380.5756812095642,0.7617277632975559,0.6368518518518519,0.8897033459813729,34,70,86,24.041630560342607
pearl_millet,259,414.85995244979864,0.6403701841247282,0.6459749362786746,0.9300458715596329,50,81,92,16.55294535724685
sorghum,52,442.03152477741236,0.520894553824637,0.7295096852300242,0.9814724326085186,45,69,79,12.727922061357855
sorghum,138,495.2447288036346,0.42131015270834776,0.7427563618039809,0.9763205828779599,40,71,86,15.556349186104045
sorghum,127,439.1025923490524,0.4791932179025666,0.7620168067226891,0.970503874309688,44,75,90,12.727922061357855
pearl_millet,7,324.2914109230041,0.6511856540581233,0.6963461538461538,0.941416067250195,32,62,74,21.470910553583888
sorghum,217,589.3279880285262,0.367419618779708,0.7054302008430449,0.9011244259093067,27,50,60,18.384776310850235
sorghum,46,485.2447278499603,0.4065956576149028,0.7907680018258587,0.9760546517360378,48,80,96,15.620499351813306
sorghum,431,467.345232963562,0.36741803347755736,0.7580207095569513,0.9736182274065192,54,88,105,16.263455967290593
sorghum,29,427.6467491388321,0.4289966541388403,0.7569802114394145,0.9701654579406784,47,82,96,19.798989873223327
pearl_millet,383,296.24978065490717,0.9080009446543866,0.5262302349637948,0.8892495942065176,35,51,62,-0.0
pearl_millet,103,334.0904002189636,0.7082432873449436,0.6658549783549783,0.9614032346277052,42,59,66,20.12461179749811
sorghum,266,419.8893901109696,0.41785549359375374,0.7590718248612985,0.9683420209459136,38,64,77,19.924858845171283
sorghum,112,433.16146755218506,0.5290490006661639,0.7693756337824135,0.9732007879426452,42,77,94,28.0
sorghum,238,475.1025924682617,0.2635044197499745,0.7454751131221721,0.9612369179156184,62,95,113,12.727922061357855
sorghum,91,417.44573855400085,0.5237463629081165,0.7195652173913043,0.9777996598334976,53,84,102,9.192388155425117
sorghum,458,448.7594474554062,0.4889259469599136,0.7374533895714896,0.9748292998262696,36,72,88,16.643316977093242
pearl_millet,62,413.4457386732101,0.8014460320810818,0.6390506045678459,0.8781538461538462,39,75,89,28.284271247461906
pearl_millet,31,409.6467493772506,0.6705417052359649,0.6079370509750257,0.8513934360776172,38,62,75,13.892443989449804
sorghum,427,465.58787417411804,0.4788140121325228,0.7092573874784469,0.9692070198245044,32,59,72,14.142135623730953
sorghum,146,394.57568156719213,0.3757890638992778,0.7493539039862166,0.9748853795211412,41,76,91,16.278820596099706
pearl_millet,312,386.23253560066223,0.7964846888393817,0.6239832535885167,0.8801248523705079,37,58,69,18.110770276274835
sorghum,300,476.85995221138,0.4421009963998929,0.6966145833333334,0.9639994116349194,48,78,93,9.192388155425117
sorghum,56,475.8893903493881,0.4461306684051725,0.7972002262443442,0.9801460361613352,36,74,90,13.038404810405297
pearl_millet,8,416.13203048706055,0.6172033214913242,0.6558609349307024,0.8403943110843555,43,67,77,23.323807579381203
sorghum,299,532.4579310417175,0.4092172326856486,0.7715493726132024,0.9655560865706287,34,62,77,12.0
sorghum,333,466.6589410305023,0.5261271064141582,0.7150592672413794,0.9777147487844408,45,76,90,16.401219466856727
sorghum,68,504.9432127475738,0.32805057095732604,0.7307868908913505,0.9540669139410288,35,75,94,14.142135623730953
pearl_millet,57,404.1320298910141,0.8547286829959082,0.5918479541349251,0.9523568810817642,47,89,105,28.600699292150182
sorghum,153,531.4284930229187,0.4747829850033805,0.6993805652342238,0.956073035194496,44,77,94,8.94427190999916
sorghum,389,489.5290009975433,0.42993137850676266,0.7129996042738425,0.9715556753842006,45,77,89,4.242640687119285
sorghum,360,494.516805768013,0.4212588949429776,0.6901538645038168,0.9453112236562652,47,76,91,6.708203932499369
sorghum,19,481.10259306430817,0.4601047557431142,0.7129569543586416,0.9678461312582588,48,82,101,14.212670403551895
pearl_millet,9,291.32084810733795,0.6329078320776202,0.7152213188798555,0.9638835345439788,35,49,56,18.35755975068582
pearl_millet,122,346.8771966695785,0.7260701210463842,0.7041719342604298,0.9595176571920758,46,71,78,24.75883680627989
sorghum,435,454.7178169488907,0.2565429218391304,0.7470321017565112,0.9708741685362302,56,80,95,14.142135623730953
pearl_millet,211,344.67618691921234,0.8696750845002008,0.6218602825745683,0.8784476784476785,33,44,48,17.262676501632072
sorghum,5,484.0731545686722,0.19699375249281406,0.7259217067108533,0.974997391939354,53,79,91,12.041594578792296
pearl_millet,365,302.83556687831884,0.7397876194957878,0.6922207146087743,0.9578596015437572,35,44,46,26.162950903902264
pearl_millet,348,444.17365980148315,0.769606225573155,0.6212000907441017,0.8778552536667468,51,75,83,4.123105625617661
sorghum,104,454.9604572057724,0.3671677440798292,0.7287157287157288,0.96,47,79,94,15.0
sorghum,318,451.4457387924194,0.5005953327138513,0.7342002916869227,0.9700132471598892,42,78,97,14.31782106327635
sorghum,76,520.1147853136064,0.35997956593725183,0.7434348867915301,0.970909439264274,41,71,86,12.083045973594572
sorghum,80,446.8599525690079,0.26932370161914754,0.7552311010083348,0.9839021982611336,42,76,91,16.97056274847714
pearl_millet,107,220.40916109085083,0.8422826305311154,0.6626565589980224,0.8911790780141844,48,60,64,7.810249675906653
sorghum,251,512.2152901887894,0.35305194521486793,0.6997641509433963,0.9314079422382672,27,57,69,11.180339887498945
pearl_millet,72,369.2030973434448,0.7862741045850681,0.5952131376659678,0.9143853998926462,27,43,50,11.401754250991381
pearl_millet,39,326.291410446167,0.6977015826060923,0.6691569484936832,0.9548448604610852,29,54,65,21.633307652783934
pearl_millet,398,343.948264837265,0.7482602071704295,0.6754946911196911,0.9524498128615176,34,62,74,15.556349186104045
pearl_millet,244,331.1198379993439,0.7895433902153741,0.6599375,0.9363305843752772,37,53,59,5.656854249492381
sorghum,219,446.13203036785126,0.22716780223398,0.7667900581702802,0.9745851711825246,47,75,86,16.278820596099706
pearl_millet,276,389.06096184253687,0.8779847954532536,0.5171343537414966,0.9134810364250844,35,49,54,-10.0
pearl_millet,223,341.2619732618332,0.8447009877048446,0.6006279267773521,0.9387059214903526,36,55,62,7.7781745930520225
pearl_millet,231,430.9604573249817,0.7663735010759052,0.6287739885099621,0.8678194854491775,49,78,88,16.76305461424021
pearl_millet,377,353.5046133995056,0.8020631651990824,0.6381578947368421,0.927120669056153,29,46,52,19.091883092036785
sorghum,135,460.9015818834305,0.4802349786131662,0.7398373983739838,0.977542521309306,44,76,88,16.1245154965971
sorghum,37,486.45793104171753,0.5658868459400871,0.7058566208635685,0.9715935253072644,50,84,99,13.435028842544405
sorghum,379,500.5584361553192,0.35363948823535385,0.715769737508868,0.9742723134225412,50,74,83,6.708203932499369
sorghum,234,530.1147850751877,0.5277060189140265,0.7224133811230585,0.9680755683637527,69,104,121,14.849242404917495
pearl_millet,117,377.2619732618332,0.8484813925313119,0.5962448559670782,0.9153439153439152,44,64,69,6.4031242374328485
sorghum,178,441.4457391500473,0.5908140252995273,0.7417293233082707,0.978953897043622,38,65,78,9.192388155425117
sorghum,77,467.34523344039917,0.4456965654766992,0.749612356870229,0.9736628064603586,39,71,85,20.248456731316587
sorghum,227,439.5878738164902,0.4753945626169197,0.7178506611355976,0.9698323043916108,50,82,96,17.204650534085253
sorghum,401,466.03152573108673,0.4520820391316401,0.7207317073170731,0.9557555150107812,48,80,93,9.899494936611664
pearl_millet,250,300.24978053569794,0.6127366922021248,0.7341230198373055,0.9551573670039922,33,58,66,17.464249196572982
sorghum,165,440.03152477741236,0.4313080998018485,0.7219246031746032,0.9646928855501546,42,62,71,17.029386365926403
pearl_millet,384,356.6761865615845,0.6770526864382059,0.663961038961039,0.9535883424408016,43,63,70,17.691806012954128
sorghum,390,518.9015821218492,0.3442573059208629,0.7304928989139515,0.9646600227999852,35,66,82,9.192388155425117
pearl_millet,179,332.97770249843603,0.9051765602060654,0.6343294677371395,0.9208935894668682,43,67,75,9.219544457292887
sorghum,368,467.3868637084961,0.3838859860429021,0.7429478897502153,0.9797671446826636,45,78,90,15.620499351813306
sorghum,149,507.20309805870056,0.3485188737055052,0.7973090277777778,0.9782295451697782,51,85,100,18.110770276274835
sorghum,259,427.68837881088257,0.4815681735031353,0.7272044879898862,0.9659931776436632,39,63,77,13.892443989449804
sorghum,341,440.7178164720535,0.3543858915337899,0.7752331149193549,0.9805945170545108,61,90,103,16.1245154965971
pearl_millet,379,344.19090509414673,0.4479495304725225,0.6860948191593352,0.9393559180259304,36,69,83,26.0768096208106
pearl_millet,15,460.9015818834305,0.7696830136881181,0.5391865079365079,0.8349976954985405,40,56,62,12.529964086141668
sorghum,271,441.20309805870056,0.40196337649120895,0.7875780553077609,0.9589952477936184,45,81,98,19.798989873223327
pearl_millet,386,469.4873684644699,0.4959746417646848,0.5657171775592829,0.7335020622422197,39,62,71,19.235384061671343
pearl_millet,363,445.5462433099746,0.7940671221660576,0.519506628993697,0.8029730410682792,30,51,63,27.07397274136177
sorghum,346,506.9432121515274,0.6083038102570477,0.7282312554489974,0.9720343297694378,33,59,72,9.192388155425117
sorghum,295,548.0142800807953,0.4178341916867258,0.7487927565392354,0.9520033255523934,40,77,92,7.7781745930520225
pearl_millet,321,344.53405129909515,0.6800291308310518,0.6646451033243486,0.9327029156816392,39,65,75,6.324555320336759
pearl_millet,145,245.03657734394073,0.6894347101752508,0.6904190309908337,0.9475812490639508,32,52,60,24.33105012119288
pearl_millet,59,423.7888845205307,0.7459083345862693,0.6430619266055045,0.9181334424887434,26,44,51,-0.0
sorghum,84,440.23253560066223,0.35689030208570033,0.7629836309523811,0.9636329464831086,44,65,75,16.278820596099706
sorghum,456,442.4163011312485,0.4089597032331519,0.7277777777777777,0.9773766546329724,31,63,74,10.0
sorghum,383,516.9848412275313,0.4976710774166435,0.6942125237191651,0.968305432409184,48,84,102,1.0
pearl_millet,300,320.291410446167,0.5981143651054083,0.6779411764705883,0.9101149692254094,31,54,61,25.94224354214569
sorghum,126,511.87214493751526,0.5129487743210276,0.7305697103245651,0.978510160789498,36,66,78,7.810249675906653
sorghum,365,456.859951376915,0.29855551776779465,0.7688101487314086,0.9756532772909314,46,79,94,14.849242404917495
sorghum,179,467.5462440252304,0.40924016219918063,0.7708822838345865,0.97528983353151,50,77,92,15.556349186104045
pearl_millet,80,392.9188268184662,0.7150984225111384,0.6863126899696048,0.9402693734140152,40,58,63,9.899494936611664
sorghum,253,440.37466967105865,0.5334332843519745,0.7555006735518635,0.9771020865308832,39,67,80,19.416487838947603
pearl_millet,371,422.61731147766113,0.6661589042438075,0.6475095785440613,0.8893471767885079,53,84,94,17.4928556845359
pearl_millet,228,359.1198379993439,0.7242056649036221,0.6118924392439244,0.903405315614618,36,69,81,4.123105625617661
pearl_millet,318,354.33304071426386,0.7341354107883012,0.6541529152915292,0.9147197384866841,45,69,75,14.212670403551895
pearl_millet,323,610.4579310417175,0.8944669077250927,0.4222038912276709,0.7415938046465151,35,50,58,-33.52610922848042
sorghum,288,484.41630125045776,0.4638280343433502,0.7246498767806696,0.9594524690621146,54,86,101,17.464249196572982
sorghum,211,469.9310199022293,0.5272181734618906,0.7565023670286828,0.9771590949965828,40,75,90,8.48528137423857
sorghum,385,464.0731545686722,0.4936060072238594,0.7146809895833334,0.9771530301906388,43,69,80,8.48528137423857
pearl_millet,338,409.8477598428726,0.8609901913309563,0.6547745358090186,0.8765980113636364,44,71,86,17.464249196572982
pearl_millet,366,290.83556663990015,0.6277603064458956,0.6909949164851126,0.958303958102528,43,67,77,14.866068747318506
sorghum,119,540.3574256896974,0.24669546294348094,0.7144263144263144,0.9540675152185945,39,71,86,-2.23606797749979
pearl_millet,35,286.3919163942337,0.6455233841739499,0.6249026024622097,0.9421992481203008,34,56,63,28.319604517012596
pearl_millet,155,268.0071399211884,0.4210830192010859,0.7251558171745153,0.9595647193585338,37,58,68,28.79236009777593
sorghum,249,433.34523248672485,0.3238707399508024,0.7171615347018573,0.9806599832915622,30,63,78,15.620499351813306
sorghum,222,527.4284925460814,0.5306323977598515,0.6927383093525179,0.97140605296343,41,71,86,12.041594578792296
sorghum,242,433.2030981779098,0.4024409935929192,0.7541294088425236,0.9809377650337224,48,78,89,16.97056274847714
pearl_millet,242,334.0904002189636,0.7082432873449436,0.6658549783549783,0.9614032346277052,44,62,70,23.3452350598575
pearl_millet,376,330.43354582786566,0.7060009418212809,0.6556509833208862,0.9276217310909572,43,72,80,22.47220505424423
sorghum,317,506.1736599206925,0.4532930300493072,0.752416,0.957213808825924,40,69,83,15.0
sorghum,276,497.587873339653,0.42885263544441227,0.7549384921647695,0.9754649782350612,45,78,94,13.41640786499874
pearl_millet,340,354.33304071426386,0.7341354107883012,0.6541529152915292,0.9147197384866841,43,65,70,12.206555615733702
sorghum,310,457.5878735780716,0.3929169301019089,0.7519685039370079,0.9799605904004164,42,71,84,16.97056274847714
pearl_millet,38,303.2203427553177,0.8805318107795601,0.5250849229161223,0.9232713071444979,37,63,73,22.84731931759173
pearl_millet,265,559.6711339950562,0.7102846038389742,0.6001594896331739,0.8633209062231144,45,66,74,9.219544457292887
sorghum,430,414.23253548145294,0.4543469067371934,0.7395415664260893,0.9810726950354609,44,81,96,17.204650534085253
sorghum,147,512.3574253320694,0.31324590578829103,0.7226190476190476,0.9721721721721722,38,67,80,12.206555615733702
pearl_millet,20,401.3036035299301,0.8369033765163068,0.5829573934837092,0.9284811389794424,32,48,53,-4.47213595499958
sorghum,43,486.5584362745285,0.5953539365736111,0.6916078431372549,0.9674163466812946,38,76,93,4.47213595499958
sorghum,215,472.03152537345886,0.25037735387612353,0.7682071960297767,0.9658386304254571,44,83,102,15.0
pearl_millet,83,483.5878740549088,0.2983360006232301,0.5944055944055944,0.7919254658385093,43,66,76,15.033296378372908
pearl_millet,173,344.8771966695785,0.6584393941951537,0.6226923076923077,0.8863947440459896,40,60,66,15.0
pearl_millet,291,339.11983752250666,0.5612913909245087,0.7134961127308066,0.9361651259164808,37,60,70,19.697715603592208
pearl_millet,47,341.2619732618332,0.8447009877048446,0.6006279267773521,0.9387059214903526,36,57,64,14.142135623730953
pearl_millet,272,406.81832134723663,0.6668349000269846,0.6331199397476934,0.9212959791766558,37,55,66,2.1213203435596424
pearl_millet,64,342.5340511798858,0.5604300565387844,0.717612293144208,0.9400743264168472,37,61,72,17.677669529663692
sorghum,38,505.6295040845871,0.27898455213226864,0.7399092615769712,0.9683660933660934,49,79,92,11.6619037896906
pearl_millet,325,358.0904004573822,0.7919852695210198,0.6433287347260543,0.9534832773477436,48,72,80,4.0
pearl_millet,241,506.0731555223465,0.7680061493766461,0.6245185185185185,0.8936824252702991,56,78,84,18.788294228055932
pearl_millet,13,391.0609624385834,0.7838709863509724,0.5825688073394495,0.8529272098229428,42,64,75,-2.23606797749979
pearl_millet,311,328.1492755413056,0.6582441324948618,0.6717230367252142,0.9319303192024972,37,51,56,25.806975801127876
sorghum,7,487.4457387924194,0.4497640724687955,0.7528114422971941,0.9729081416678426,52,86,101,11.31370849898476
sorghum,154,464.17366075515747,0.4831117258901628,0.7357000234907212,0.9709358651424144,46,81,102,16.278820596099706
pearl_millet,5,358.676185965538,0.7976736487898313,0.6044852191641182,0.9304614506811212,28,46,58,7.211102550927977
sorghum,332,594.9848420619966,0.3607430916507079,0.7021786825858463,0.9444787591791916,42,63,73,12.529964086141668
sorghum,224,400.96045780181885,0.35786509083149365,0.7422043197444267,0.9823513190550602,40,72,87,18.439088914585774
sorghum,373,492.1147856712341,0.25687503336216405,0.6645497912939773,0.9458518990027583,52,83,100,5.656854249492381
sorghum,213,429.7888844013214,0.4721443304302465,0.7464406779661017,0.9757610670448,50,85,104,21.633307652783934
pearl_millet,14,378.09040009975433,0.7718962667275212,0.6459381739755572,0.9353807257584772,35,51,61,9.192388155425117
pearl_millet,254,390.37467098236084,0.7771135475186521,0.6335348506401138,0.8904531822725759,41,73,87,17.0
pearl_millet,151,336.291410446167,0.7189733629923462,0.686766862170088,0.9485275504176862,40,57,63,16.1245154965971
pearl_millet,216,376.23253524303436,0.7579644781558604,0.678978978978979,0.9262597296190086,47,69,78,15.231546211727816
sorghum,196,457.445738196373,0.4326788587738966,0.7684502426419613,0.9755570668480218,47,77,90,14.7648230602334
sorghum,381,431.203097820282,0.5737373489538018,0.7020161290322581,0.9624585385465876,34,59,71,19.697715603592208
sorghum,388,471.83051431179047,0.349088782906964,0.7291747924444196,0.9689756025323016,53,82,97,14.422205101855955
sorghum,199,500.173660159111,0.5564851386921444,0.7436534216335541,0.9769641444766676,51,80,94,19.235384061671343
sorghum,272,463.20309793949133,0.463373309497061,0.7402302158273382,0.9721466364323508,66,94,107,15.297058540778355
sorghum,452,414.8599528074265,0.5626501021482436,0.7406156156156156,0.9829257246376812,47,79,92,17.0
sorghum,314,454.13203036785126,0.6014441609699933,0.7496818970503181,0.9792988818374132,40,70,84,12.020815280171306
sorghum,55,425.06096291542053,0.5284727337843291,0.7453716789146411,0.9683297379171064,49,80,94,21.54065922853801
pearl_millet,121,471.6883791685104,0.6080356621392998,0.6529050395668472,0.8451947701846608,43,79,93,25.45584412271571
pearl_millet,257,382.57568180561066,0.7636778081498622,0.6390228818800248,0.8975071658125597,30,43,47,24.698178070456933
pearl_millet,382,414.57568192482,0.8752805192100194,0.6126367845117845,0.8624648200266627,34,54,62,22.47220505424423
pearl_millet,297,406.96045804023737,0.6566522156050233,0.6450968013468014,0.902015595115492,44,71,79,17.677669529663692
sorghum,340,468.61731207370764,0.5297333014790653,0.7626641651031895,0.9680107953643436,50,82,97,9.433981132056603
pearl_millet,168,357.46298360824585,0.6745847998044453,0.6749404761904761,0.9406835905093744,35,66,81,21.213203435596427
pearl_millet,316,296.24978065490717,0.9080009446543866,0.5262302349637948,0.8892495942065176,35,50,60,-3.0
sorghum,117,452.9015818834305,0.45712410864045894,0.6555957128614157,0.9498916576381364,44,78,93,11.31370849898476
pearl_millet,25,291.07820701599115,0.7344037876794013,0.7308571428571429,0.9697658989669226,51,69,75,19.091883092036785
sorghum,269,425.78888416290283,0.5580332618250148,0.7297809741745669,0.9763820853743876,41,72,87,13.435028842544405
pearl_millet,26,327.22034263610834,0.7070138538438585,0.7233506300963677,0.9296875,43,64,71,30.08321791298265
pearl_millet,79,358.39191579818726,0.7794560511301882,0.6867798665858096,0.9646507666098808,35,65,78,29.017236257093817
sorghum,233,400.09040009975433,0.22534102509527845,0.7651029748283753,0.9779175197426148,35,66,80,22.13594362117865
pearl_millet,70,310.63455700874334,0.4200844027462469,0.7093573988735279,0.9649978232477144,38,70,84,23.33452377915607
sorghum,361,439.102592587471,0.3431034004886945,0.7312121212121212,0.9793019480519479,38,68,81,10.606601717798213
pearl_millet,92,544.2152910232544,0.8631973535978602,0.5548654244306418,0.7932514429480538,41,68,80,19.091883092036785
pearl_millet,82,369.0193325281143,0.8386484528531492,0.6161814109742442,0.9435553015147184,37,60,68,24.413111231467404
pearl_millet,176,434.6761864423752,0.9287295639195702,0.5669810456917864,0.8556031504767169,50,73,83,3.1622776601683795
sorghum,82,453.14422249794006,0.3655905413235447,0.7228505291005292,0.9656741473758614,40,67,80,10.816653826391967
sorghum,244,467.20309793949133,0.4618054916286461,0.7601762820512821,0.9815153291719834,41,78,93,15.811388300841895
pearl_millet,124,768.4234408140182,0.746413769639812,0.5170943134535367,0.7229143438848223,48,79,90,21.02379604162864
pearl_millet,285,330.1909056901932,0.6224153129730402,0.6883015934706568,0.934071729957806,35,58,65,18.384776310850235
pearl_millet,374,380.77669179439545,0.7887263582314916,0.6690408357075024,0.9209819158980318,43,70,80,19.416487838947603
sorghum,409,481.7716408967972,0.604440218129143,0.6912443778110945,0.9595820845820846,29,57,71,5.656854249492381
sorghum,16,387.5046148300171,0.5871766178353095,0.7373737373737373,0.9673760458195294,35,60,75,19.798989873223327
sorghum,185,503.20309805870056,0.5098141031172058,0.7826183104820875,0.985092629820926,39,72,85,16.97056274847714
sorghum,392,433.7888844013214,0.3553788769435983,0.7167931688804554,0.9633846434101466,29,51,63,17.0
sorghum,86,402.33304119110113,0.4523462210724672,0.7333035514853696,0.974714236231382,41,69,82,14.212670403551895
pearl_millet,153,331.56348848342896,0.4430956933321049,0.7182559288537549,0.9469141833577592,35,63,75,15.556349186104045
sorghum,210,497.7300091981888,0.3339528341137907,0.7642100935347929,0.978997959049312,49,79,90,17.464249196572982
pearl_millet,142,374.3330408334732,0.6770471311291409,0.6658343736995422,0.8752735229759301,33,62,75,21.213203435596427
pearl_millet,34,351.5046137571335,0.8063169256644092,0.6655604719764012,0.9304123711340206,43,60,68,13.601470508735444
sorghum,18,471.6883791685104,0.3902964208422072,0.7634612821538052,0.9629738589560394,27,55,66,13.601470508735444
sorghum,162,466.416300535202,0.4379852289000538,0.6969142857142857,0.964835251770104,31,63,79,14.7648230602334
sorghum,254,485.3452335596085,0.2124974448545963,0.7562478306143701,0.9691589131482374,36,66,82,17.464249196572982
sorghum,228,499.5878744125366,0.4060736884735261,0.7261507866877229,0.9446092977250248,43,65,74,16.1245154965971
pearl_millet,96,362.29141080379486,0.5371331998965301,0.6764497878359265,0.9405113077679448,41,64,72,19.723082923316017
sorghum,335,529.2863582372664,0.31967737236387983,0.7473949891168434,0.9699783627839884,45,77,92,9.192388155425117
pearl_millet,116,413.4457386732101,0.8014460320810818,0.6390506045678459,0.8781538461538462,37,67,79,21.93171219946131
sorghum,136,466.8010771274567,0.4631736378956186,0.7256704283460745,0.97433913078897,33,64,75,12.727922061357855
sorghum,246,487.9726493358612,0.3792171945744191,0.7219918159699181,0.9701304008619088,38,60,71,12.727922061357855
pearl_millet,367,274.4924206733704,0.6348805020347984,0.6840091190359876,0.9625343721356554,39,63,72,22.02271554554524
pearl_millet,350,382.7766919136048,0.8088173389628217,0.628673245614035,0.9166266986410871,42,70,81,29.8328677803526
pearl_millet,138,463.3452332019806,0.8206634580915827,0.6907407407407408,0.9397398323821275,45,69,76,15.652475842498527
pearl_millet,295,330.2914109230041,0.794502442870238,0.6536158192090396,0.9524946484439322,43,62,69,8.602325267042627
sorghum,116,483.5878738164902,0.5544080416022645,0.7267452083699666,0.9693913451389704,41,69,83,15.231546211727816
sorghum,355,468.23253524303436,0.4885760691512141,0.7731530576175327,0.97528983353151,51,75,87,12.727922061357855
sorghum,337,460.0731545686722,0.3738430370541873,0.7413418102727121,0.98353741999926,44,77,92,16.263455967290593
sorghum,191,430.3746707439423,0.4051996316150185,0.7470265029088559,0.9728103034639504,47,77,91,12.020815280171306
pearl_millet,67,446.1736605167389,0.7980943126593093,0.5267610619469026,0.8618173394336016,51,92,107,26.40075756488817
sorghum,439,500.55843591690063,0.5296397373865523,0.7411309523809524,0.9644461657629744,32,59,72,15.811388300841895
pearl_millet,174,380.77669179439545,0.7887263582314916,0.6690408357075024,0.9209819158980318,41,66,75,5.0
pearl_millet,343,360.09040081501007,0.619218267733664,0.6590335855568831,0.9034576888080073,38,71,83,17.720045146669353
pearl_millet,262,338.1909056901932,0.7312437316670815,0.6957472993299604,0.939612188365651,42,56,60,16.97056274847714
pearl_millet,224,519.8721442222595,0.9049600923223076,0.4896505376344086,0.8191579065714768,49,79,91,3.0
pearl_millet,187,412.3330408334732,0.8610567081177628,0.6430684931506849,0.8484059856864021,33,55,67,29.0
sorghum,371,493.102592587471,0.3946323173491822,0.7698211072298085,0.9763055443683716,40,69,81,15.620499351813306
sorghum,8,413.1614680290222,0.4970547787658516,0.7610169491525424,0.9835275562954524,41,77,92,11.6619037896906
pearl_millet,196,358.676185965538,0.7976736487898313,0.6044852191641182,0.9304614506811212,27,41,50,4.123105625617661
pearl_millet,192,391.0609624385834,0.7838709863509724,0.5825688073394495,0.8529272098229428,43,67,78,9.848857801796104
pearl_millet,249,369.7472542524338,0.5853800174545819,0.6860846560846561,0.9477415582517176,39,64,73,17.0
pearl_millet,208,504.01427948474884,0.6607538958230031,0.5748538011695906,0.8098867147270855,49,82,94,21.54065922853801
pearl_millet,286,400.4751763343811,0.617697541858545,0.6420722135007849,0.8590632220121823,30,49,59,23.33452377915607
pearl_millet,373,502.65894174575806,0.8031526079051323,0.6613960113960113,0.8380362192407196,59,88,103,8.246211251235321
pearl_millet,283,343.3624783754349,0.6633136059323271,0.6427777777777778,0.884387540607682,39,54,61,14.142135623730953
sorghum,445,441.6467491388321,0.5261416564742304,0.7752685546875,0.9823286029155872,53,95,113,19.697715603592208
sorghum,275,453.48736810684204,0.411799870986421,0.7145014174781216,0.9617969138875062,57,95,111,16.97056274847714
pearl_millet,279,357.8061293363571,0.8021217298105899,0.7254568367989918,0.9277943428156984,44,74,84,26.87005768508881
pearl_millet,357,418.03152525424963,0.7302932648174978,0.606232782369146,0.892295995945261,53,89,99,21.93171219946131
sorghum,257,573.0853472948073,0.36613498486163787,0.7383201357466064,0.9493454545454544,36,70,85,12.020815280171306
pearl_millet,308,459.1442230939865,0.7985175325405582,0.6059304910082846,0.8832842415316642,53,82,91,19.091883092036785
sorghum,403,505.1442221403122,0.394417995418328,0.7122906454248366,0.9593219173371844,47,78,93,9.219544457292887
sorghum,61,613.1269774436952,0.4137550026624882,0.699374149659864,0.9518201681294672,40,66,77,12.206555615733702
sorghum,356,480.27416515350336,0.38528165869569625,0.7665307971014492,0.9656254457281416,36,70,84,15.556349186104045
sorghum,420,536.3157957792282,0.5072481027166086,0.7157390973630832,0.9536739864864864,35,59,70,6.4031242374328485
pearl_millet,395,296.0071403980255,0.7136877759884369,0.6921919543870764,0.9309830652891682,42,56,61,16.97056274847714
pearl_millet,184,323.7056238651276,0.6643802865610694,0.7128919860627178,0.9671472465138266,49,73,82,22.67156809750927
pearl_millet,248,361.7056241035461,0.4617548641767698,0.6783097854526426,0.8899759697905939,45,68,80,14.212670403551895
sorghum,307,446.55843687057495,0.4711348360359272,0.6976117103235747,0.9625725295654871,51,84,100,8.48528137423857
sorghum,448,484.1736600399017,0.4314929515594432,0.7609594013514268,0.9755861822086987,37,72,88,11.31370849898476
pearl_millet,73,498.7005712985992,0.6545549887512256,0.5592592592592592,0.7515358892604401,39,64,74,14.7648230602334
pearl_millet,159,387.4041088819504,0.7136495089316939,0.6425916431684183,0.871004169562196,48,66,71,13.038404810405297
sorghum,133,447.5878738164902,0.3492276364178634,0.7695451843043996,0.9619582888197316,32,58,71,19.723082923316017
sorghum,443,394.23253548145294,0.44103573216076897,0.7211083160698432,0.9781714171015656,35,58,70,19.849433241279208
pearl_millet,219,282.24978005886084,0.3073448501334602,0.6503044140030442,0.9200538358008076,27,50,62,21.95449840010015
sorghum,189,490.1736603975296,0.4447747910191685,0.7561364619377162,0.9775968125262128,36,71,87,11.180339887498945
sorghum,309,421.6467487812042,0.4439909229943864,0.7712025986865334,0.9747846655063149,37,75,91,22.803508501982762
sorghum,432,419.0609622001648,0.2665463555293758,0.7227600339174675,0.9676458067262664,32,58,71,17.4928556845359
pearl_millet,274,404.1320298910141,0.8547286829959082,0.5918479541349251,0.9523568810817642,47,87,103,24.413111231467404
sorghum,108,471.83051574230194,0.3890742468618759,0.7383394570320474,0.9816473302123616,48,78,91,8.48528137423857
pearl_millet,127,344.53405129909515,0.6800291308310518,0.6646451033243486,0.9327029156816392,40,68,79,13.038404810405297
pearl_millet,77,349.84775936603546,0.8165306188856558,0.6361997226074896,0.9183183183183184,30,55,67,21.213203435596427
pearl_millet,89,417.203098654747,0.8759695169634911,0.5566233407079646,0.808495681863828,29,40,43,10.295630140987
sorghum,128,488.31579566001886,0.5106824340134303,0.7253243872684928,0.962686292548298,49,76,88,9.433981132056603
pearl_millet,352,273.9066344499588,0.3620763398162116,0.6625939849624061,0.9544223826714802,37,67,75,29.410882339705488
pearl_millet,49,446.173660159111,0.8184120508026578,0.6872273275782048,0.8953319627524489,52,69,73,27.166155414412252
pearl_millet,246,362.09040009975433,0.7020792815782826,0.638700351935646,0.9223997095661643,53,85,97,23.769728648009423
pearl_millet,71,371.2619729042053,0.8114734853453729,0.5754815945069617,0.9179342865835108,28,50,60,24.08318915758459
sorghum,148,474.8599520921707,0.463946248114105,0.7586581897272879,0.9726512226512226,50,84,99,22.36067977499789
pearl_millet,48,369.0193326473236,0.7717162240778042,0.6480993188310261,0.9345690747782004,33,52,64,19.209372712298546
pearl_millet,6,387.7472541332245,0.5679253750943599,0.7017535408035456,0.9367243264098772,50,77,86,25.0
sorghum,320,399.0193322896957,0.4573397012884625,0.7135886196344389,0.958506915514081,33,55,66,12.020815280171306
