Type,Contour Id,Perimeter,Eccentricity,Extent,Solidity,Red,Green,Blue,Point Polygon Test
pearl_millet,1,371.2619729042053,0.8114734853453729,0.5754815945069617,0.9179342865835108,78,67,39,27.018512172212592
pearl_millet,2,374.77669179439545,0.6272908874463139,0.6626189532117367,0.9199697219928432,103,85,47,7.6157731058639095
pearl_millet,3,248.79393672943115,0.6544783445573676,0.6452702702702703,0.8979180658159839,121,99,44,17.0
pearl_millet,4,309.07820701599115,0.5610094883833359,0.7156378600823046,0.9398306611421364,100,77,41,30.01666203960727
pearl_millet,5,358.676185965538,0.7976736487898313,0.6044852191641182,0.9304614506811212,87,68,39,7.211102550927977
pearl_millet,6,387.7472541332245,0.5679253750943599,0.7017535408035456,0.9367243264098772,116,97,55,25.0
pearl_millet,7,324.2914109230041,0.6511856540581233,0.6963461538461538,0.941416067250195,115,96,50,21.470910553583888
pearl_millet,8,416.13203048706055,0.6172033214913242,0.6558609349307024,0.8403943110843555,106,91,53,23.323807579381203
pearl_millet,9,291.32084810733795,0.6329078320776202,0.7152213188798555,0.9638835345439788,98,83,50,18.35755975068582
pearl_millet,10,446.1736605167389,0.7980943126593093,0.5267610619469026,0.8618173394336016,105,92,57,11.31370849898476
pearl_millet,11,371.0193325281143,0.7079233497631321,0.6552676295666949,0.9321649796041698,104,91,56,18.867962264113206
pearl_millet,12,370.1909054517746,0.788120670558058,0.6773707221468416,0.8707364341085271,131,114,64,22.36067977499789
pearl_millet,13,391.0609624385834,0.7838709863509724,0.5825688073394495,0.8529272098229428,113,93,54,-2.23606797749979
pearl_millet,14,378.09040009975433,0.7718962667275212,0.6459381739755572,0.9353807257584772,106,85,45,9.192388155425117
pearl_millet,15,460.9015818834305,0.7696830136881181,0.5391865079365079,0.8349976954985405,98,86,56,12.529964086141668
pearl_millet,16,369.2030973434448,0.7862741045850681,0.5952131376659678,0.9143853998926462,95,76,36,19.104973174542803
pearl_millet,17,344.6345565319061,0.7667110584806669,0.6623636363636364,0.941343669250646,115,97,51,21.213203435596427
pearl_millet,18,303.32084822654724,0.8462855129463857,0.6563727801351563,0.9311113588228735,98,81,47,24.698178070456933
pearl_millet,19,611.0681025981902,0.7156084355122555,0.512677304964539,0.7778599771336338,102,88,55,13.45362404707371
pearl_millet,20,401.3036035299301,0.8369033765163068,0.5829573934837092,0.9284811389794424,96,81,45,-4.47213595499958
pearl_millet,21,450.2741655111313,0.8074160656702054,0.6285578747628083,0.8601661905998442,112,94,51,21.587033144922906
pearl_millet,22,290.83556663990015,0.6277603064458956,0.6909949164851126,0.958303958102528,121,102,60,25.45584412271571
pearl_millet,23,380.6761865615845,0.7333403202927654,0.6814440703329592,0.9633743223588525,105,88,48,21.40093455903269
pearl_millet,24,357.8061293363571,0.8021217298105899,0.7254568367989918,0.9277943428156984,130,114,69,26.0768096208106
pearl_millet,25,291.07820701599115,0.7344037876794013,0.7308571428571429,0.9697658989669226,120,105,62,19.091883092036785
pearl_millet,26,327.22034263610834,0.7070138538438585,0.7233506300963677,0.9296875,110,98,59,30.08321791298265
pearl_millet,27,408.1320298910141,0.6419338197423499,0.6598822324628776,0.8961321164710995,120,104,58,17.08800749063506
pearl_millet,28,303.3208483457565,0.6678610462277387,0.6720988820658164,0.918846195242708,95,73,34,25.94224354214569
pearl_millet,29,282.24978005886084,0.3073448501334602,0.6503044140030442,0.9200538358008076,87,69,31,19.091883092036785
pearl_millet,30,402.9604572057724,0.8407186812467051,0.6266992266992267,0.9551516655294336,100,88,61,23.769728648009423
pearl_millet,31,409.6467493772506,0.6705417052359649,0.6079370509750257,0.8513934360776172,113,93,56,13.892443989449804
pearl_millet,32,323.07820773124695,0.7631347105299923,0.6764705882352942,0.9358651424142608,101,85,52,30.0
pearl_millet,33,320.291410446167,0.5981143651054083,0.6779411764705883,0.9101149692254094,90,82,48,24.59674775249769
pearl_millet,34,351.5046137571335,0.8063169256644092,0.6655604719764012,0.9304123711340206,104,87,50,13.601470508735444
pearl_millet,35,286.3919163942337,0.6455233841739499,0.6249026024622097,0.9421992481203008,110,95,52,28.319604517012596
pearl_millet,36,259.96550965309143,0.4208265811495323,0.7544144144144144,0.9705609643022716,119,100,49,23.53720459187964
pearl_millet,37,286.24978017807007,0.4720624370967301,0.6898752127056155,0.9570178026949936,119,103,56,21.095023109728988
pearl_millet,38,303.2203427553177,0.8805318107795601,0.5250849229161223,0.9232713071444979,89,75,44,22.84731931759173
pearl_millet,39,326.291410446167,0.6977015826060923,0.6691569484936832,0.9548448604610852,115,90,45,21.633307652783934
pearl_millet,40,389.06096184253687,0.8779847954532536,0.5171343537414966,0.9134810364250844,94,83,51,-4.242640687119285
pearl_millet,41,304.391915678978,0.4597173485527037,0.7299192196311538,0.9462556806955148,118,96,40,21.587033144922906
pearl_millet,42,333.90663480758667,0.7244868615230502,0.7373737373737373,0.951442422315823,110,91,45,18.35755975068582
pearl_millet,43,390.67618668079376,0.7513079768147699,0.6344866071428571,0.8719325153374233,122,107,72,30.36445290137795
pearl_millet,44,237.62236404418945,0.7768227876936532,0.6710208030962748,0.9445011916922028,96,77,46,18.60107523773827
pearl_millet,45,388.3330410718918,0.7330041789518343,0.6544267645858833,0.9275697556744252,112,101,65,16.97056274847714
pearl_millet,46,446.031525015831,0.7912789216402254,0.5476341093117408,0.783155418852904,99,79,46,3.1622776601683795
pearl_millet,47,341.2619732618332,0.8447009877048446,0.6006279267773521,0.9387059214903526,105,86,47,14.142135623730953
pearl_millet,48,369.0193326473236,0.7717162240778042,0.6480993188310261,0.9345690747782004,99,74,40,19.209372712298546
pearl_millet,49,446.173660159111,0.8184120508026578,0.6872273275782048,0.8953319627524489,107,99,72,27.166155414412252
pearl_millet,50,366.87719702720636,0.7256277666004192,0.6864882365637816,0.9350286638247832,102,86,56,10.295630140987
pearl_millet,51,341.705624461174,0.6151380541055651,0.7087640449438202,0.9507159005275057,103,88,48,29.12043955712207
pearl_millet,52,606.3990566730498,0.7885855323273911,0.5941748645959987,0.7723974423449961,120,94,48,11.704699910719626
pearl_millet,53,357.0193326473236,0.6673413878152339,0.7172072567344695,0.9459106728538283,123,100,44,14.7648230602334
pearl_millet,54,351.5046137571335,0.848481764745747,0.5617025620087782,0.93397827562797,95,84,52,24.839484696748446
pearl_millet,55,405.2030974626541,0.7689558009034507,0.6178209459459459,0.9164752557945292,98,79,44,22.203603311174522
pearl_millet,56,330.2914109230041,0.794502442870238,0.6536158192090396,0.9524946484439322,98,84,55,13.038404810405297
pearl_millet,57,404.1320298910141,0.8547286829959082,0.5918479541349251,0.9523568810817642,115,99,59,28.600699292150182
pearl_millet,58,344.19090509414673,0.4479495304725225,0.6860948191593352,0.9393559180259304,114,97,53,17.804493814764854
pearl_millet,59,423.7888845205307,0.7459083345862693,0.6430619266055045,0.9181334424887434,92,79,42,-0.0
pearl_millet,60,322.6345565319061,0.5363658858723261,0.6310416666666666,0.9207619819637248,109,86,43,21.633307652783934
pearl_millet,61,365.362478017807,0.655063022589668,0.699958686221855,0.9492926180137274,117,103,71,21.93171219946131
pearl_millet,62,413.4457386732101,0.8014460320810818,0.6390506045678459,0.8781538461538462,111,94,54,28.284271247461906
pearl_millet,63,380.5756812095642,0.7617277632975559,0.6368518518518519,0.8897033459813729,101,78,37,24.041630560342607
pearl_millet,64,342.5340511798858,0.5604300565387844,0.717612293144208,0.9400743264168472,115,93,51,17.677669529663692
pearl_millet,65,519.8721442222595,0.9049600923223076,0.4896505376344086,0.8191579065714768,93,79,46,4.949747468305833
pearl_millet,66,286.24978017807007,0.4720624370967301,0.6898752127056155,0.9570178026949936,119,103,56,27.202941017470888
pearl_millet,67,446.1736605167389,0.7980943126593093,0.5267610619469026,0.8618173394336016,105,92,57,26.40075756488817
pearl_millet,68,369.7472542524338,0.5853800174545819,0.6860846560846561,0.9477415582517176,121,101,55,21.095023109728988
pearl_millet,69,303.32084822654724,0.8462855129463857,0.6563727801351563,0.9311113588228735,98,81,47,24.186773244895647
pearl_millet,70,310.63455700874334,0.4200844027462469,0.7093573988735279,0.9649978232477144,119,97,48,23.33452377915607
pearl_millet,71,371.2619729042053,0.8114734853453729,0.5754815945069617,0.9179342865835108,78,67,39,24.08318915758459
pearl_millet,72,369.2030973434448,0.7862741045850681,0.5952131376659678,0.9143853998926462,95,76,36,11.401754250991381
pearl_millet,73,498.7005712985992,0.6545549887512256,0.5592592592592592,0.7515358892604401,107,93,57,14.7648230602334
pearl_millet,74,424.03152477741236,0.2955262237326005,0.6586043761088114,0.8809523809523809,121,98,49,17.4928556845359
pearl_millet,75,390.37467098236084,0.7771135475186521,0.6335348506401138,0.8904531822725759,111,90,46,9.219544457292887
pearl_millet,76,445.14422237873083,0.7288391026654241,0.6019071019071021,0.8494881109643329,116,98,59,14.866068747318506
pearl_millet,77,349.84775936603546,0.8165306188856558,0.6361997226074896,0.9183183183183184,84,69,36,21.213203435596427
pearl_millet,78,313.5634889602661,0.7777025042028186,0.5922760367204811,0.8951082406410716,100,85,51,25.495097567963924
pearl_millet,79,358.39191579818726,0.7794560511301882,0.6867798665858096,0.9646507666098808,104,88,53,29.017236257093817
pearl_millet,80,392.9188268184662,0.7150984225111384,0.6863126899696048,0.9402693734140152,105,88,46,9.899494936611664
pearl_millet,81,331.01933217048645,0.7552111288912191,0.5981174788514239,0.9414853713428356,111,94,52,6.4031242374328485
pearl_millet,82,369.0193325281143,0.8386484528531492,0.6161814109742442,0.9435553015147184,86,76,48,24.413111231467404
pearl_millet,83,483.5878740549088,0.2983360006232301,0.5944055944055944,0.7919254658385093,107,93,60,15.033296378372908
pearl_millet,84,701.3696184158325,0.3805272073193692,0.5342610855431368,0.7741611093468826,109,93,57,-0.7071067811865476
pearl_millet,85,374.77669179439545,0.6272908874463139,0.6626189532117367,0.9199697219928432,103,85,47,24.041630560342607
pearl_millet,86,362.09040009975433,0.7020792815782826,0.638700351935646,0.9223997095661643,119,101,57,21.54065922853801
pearl_millet,87,333.4629837274552,0.4724478091093226,0.6384290540540539,0.867653810835629,113,94,50,29.427877939124322
pearl_millet,88,322.39191579818726,0.7145030779409733,0.6336898395721925,0.9060498900888846,100,90,55,9.848857801796104
pearl_millet,89,417.203098654747,0.8759695169634911,0.5566233407079646,0.808495681863828,83,71,42,10.295630140987
pearl_millet,90,451.1025924682617,0.68702589595717,0.6722689075630253,0.9011828024281869,119,104,59,7.280109889280517
pearl_millet,91,406.9604570865631,0.790524810996629,0.6270689655172413,0.9366469224826164,102,90,54,3.5355339059327378
pearl_millet,92,544.2152910232544,0.8631973535978602,0.5548654244306418,0.7932514429480538,107,92,58,19.091883092036785
pearl_millet,93,530.3157957792282,0.7706626011657615,0.6726211689237348,0.8820024534143349,108,88,50,19.849433241279208
pearl_millet,94,389.9898946285248,0.8343395349757546,0.6308186195826645,0.950220452282748,89,77,49,21.40093455903269
pearl_millet,95,341.705624461174,0.6151380541055651,0.7087640449438202,0.9507159005275057,103,88,48,26.40075756488817
pearl_millet,96,362.29141080379486,0.5371331998965301,0.6764497878359265,0.9405113077679448,94,78,43,19.723082923316017
pearl_millet,97,284.1076452732086,0.720499918611483,0.7690145502645502,0.9598596636054072,125,107,55,24.186773244895647
pearl_millet,98,619.1269783973694,0.8261562680791309,0.5732407127755965,0.7565269381518634,115,102,64,4.123105625617661
pearl_millet,99,502.1147848367691,0.831667624217621,0.5541690571811054,0.8174188998589563,117,93,49,19.849433241279208
pearl_millet,100,396.09039986133575,0.8023772036871131,0.4694125159642401,0.8068269125233235,88,77,47,15.132745950421555
pearl_millet,101,320.14927542209625,0.8012330258141699,0.6672385620915032,0.9112921222941308,89,71,42,24.698178070456933
pearl_millet,102,351.5046137571335,0.848481764745747,0.5617025620087782,0.93397827562797,95,84,52,28.319604517012596
pearl_millet,103,334.0904002189636,0.7082432873449436,0.6658549783549783,0.9614032346277052,103,87,51,20.12461179749811
pearl_millet,104,296.0071403980255,0.7136877759884369,0.6921919543870764,0.9309830652891682,112,100,64,21.92031021678297
pearl_millet,105,377.1198377609253,0.7083718368811383,0.7305153991200503,0.9465861273245556,116,102,64,24.020824298928627
pearl_millet,106,333.9066346883774,0.21615689000948254,0.7436749297214413,0.9416713858102096,127,109,66,20.506096654409877
pearl_millet,107,220.40916109085083,0.8422826305311154,0.6626565589980224,0.8911790780141844,108,100,70,7.810249675906653
pearl_millet,108,570.3990564346312,0.5803593540919433,0.6101001271455817,0.7855425384969561,110,96,63,7.211102550927977
pearl_millet,109,312.1492750644684,0.5651430135248058,0.6859340659340659,0.9429003021148036,102,82,47,23.853720883753127
pearl_millet,110,360.1909053325653,0.6918533671182029,0.7049482163406214,0.9356957385061858,109,87,50,28.16025568065745
pearl_millet,111,555.4284936189651,0.6451368277085843,0.5212295236302015,0.7668813629752753,104,89,45,2.0
pearl_millet,112,315.0782080888748,0.7050817106373624,0.7163910855499641,0.9726695949243532,108,91,43,21.93171219946131
pearl_millet,113,333.4629837274552,0.4724478091093226,0.6384290540540539,0.867653810835629,113,94,50,23.19482700948641
pearl_millet,114,317.3208476305008,0.7886035234343693,0.6377476155539251,0.9599668691330756,104,88,48,11.180339887498945
pearl_millet,115,366.1909054517746,0.4177571665193427,0.5673444976076555,0.8738830032243206,110,98,66,12.083045973594572
pearl_millet,116,413.4457386732101,0.8014460320810818,0.6390506045678459,0.8781538461538462,111,94,54,21.93171219946131
pearl_millet,117,377.2619732618332,0.8484813925313119,0.5962448559670782,0.9153439153439152,106,94,59,6.4031242374328485
pearl_millet,118,407.30360329151154,0.7973865438649019,0.615015015015015,0.9157847667312564,116,98,60,1.4142135623730951
pearl_millet,119,463.3452332019806,0.8206634580915827,0.6907407407407408,0.9397398323821275,114,100,57,20.12461179749811
pearl_millet,120,312.291410446167,0.7608105343216209,0.7000156201187129,0.9308339391421748,103,85,47,28.42534080710379
pearl_millet,121,471.6883791685104,0.6080356621392998,0.6529050395668472,0.8451947701846608,125,108,64,25.45584412271571
pearl_millet,122,346.8771966695785,0.7260701210463842,0.7041719342604298,0.9595176571920758,105,92,54,24.75883680627989
pearl_millet,123,430.4751760959625,0.5681860234653396,0.6324786324786325,0.904259611504986,116,99,53,20.8806130178211
pearl_millet,124,768.4234408140182,0.746413769639812,0.5170943134535367,0.7229143438848223,93,79,46,21.02379604162864
pearl_millet,125,311.36247777938837,0.5577112154430134,0.7125245166713365,0.947201787875966,120,103,57,19.091883092036785
pearl_millet,126,402.4751764535904,0.8145655389318118,0.5963425512934879,0.9264777215716168,107,92,56,23.430749027719962
pearl_millet,127,344.53405129909515,0.6800291308310518,0.6646451033243486,0.9327029156816392,109,88,46,13.038404810405297
pearl_millet,128,311.4213539361954,0.8698844991491744,0.679210875331565,0.9344280989850609,106,80,44,24.08318915758459
pearl_millet,129,513.1442227363586,0.8181577469173563,0.6345670803782506,0.8948327950828211,111,92,44,22.82542442102665
pearl_millet,130,319.4629836082458,0.6766631497806233,0.6155289276204309,0.9227070670416402,88,75,44,20.591260281974
pearl_millet,131,333.74725449085236,0.6424997280861063,0.6231684981684982,0.921106062070966,101,83,49,22.803508501982762
pearl_millet,132,359.1198379993439,0.7242056649036221,0.6118924392439244,0.903405315614618,114,93,46,17.204650534085253
pearl_millet,133,328.1492755413056,0.6582441324948618,0.6717230367252142,0.9319303192024972,95,86,57,29.206163733020468
pearl_millet,134,349.01933240890503,0.5150707795189489,0.7163615560640733,0.9569736339319832,107,93,60,22.203603311174522
pearl_millet,135,368.09040009975433,0.7969990354124737,0.6386850152905199,0.9521312970139048,98,79,42,27.892651361962706
pearl_millet,136,333.9066346883774,0.21615689000948254,0.7436749297214413,0.9416713858102096,127,109,66,25.45584412271571
pearl_millet,137,513.1442227363586,0.8181577469173563,0.6345670803782506,0.8948327950828211,111,92,44,18.788294228055932
pearl_millet,138,463.3452332019806,0.8206634580915827,0.6907407407407408,0.9397398323821275,114,100,57,15.652475842498527
pearl_millet,139,315.9482649564743,0.6550376993169436,0.6521493212669683,0.9412244897959184,108,96,57,10.295630140987
pearl_millet,140,338.1909053325653,0.4069835781692681,0.6735072156758903,0.9199746812550864,111,93,53,18.439088914585774
pearl_millet,141,335.0193326473236,0.7040602322916667,0.6664086687306502,0.9273021001615508,106,81,36,24.698178070456933
pearl_millet,142,374.3330408334732,0.6770471311291409,0.6658343736995422,0.8752735229759301,109,88,47,21.213203435596427
pearl_millet,143,417.4457389116287,0.5825856671728092,0.6457259450171822,0.8732844383123957,113,98,58,16.401219466856727
pearl_millet,144,391.30360400676733,0.8728553514327706,0.5086553945249598,0.8843394575678041,99,88,61,19.02629759044045
pearl_millet,145,245.03657734394073,0.6894347101752508,0.6904190309908337,0.9475812490639508,111,95,54,24.33105012119288
pearl_millet,146,554.4995603561401,0.7898523228318679,0.5595609962009287,0.7691325790542499,104,86,46,16.1245154965971
pearl_millet,147,540.3574256896974,0.6801407872401845,0.6079042638777152,0.8466979480355767,117,104,65,18.027756377319946
pearl_millet,148,444.17365980148315,0.769606225573155,0.6212000907441017,0.8778552536667468,124,110,67,10.0
pearl_millet,149,291.07820701599115,0.7344037876794013,0.7308571428571429,0.9697658989669226,120,105,62,21.213203435596427
pearl_millet,150,339.60511863231665,0.7562155018937149,0.7141048824593128,0.9582625576316428,101,81,42,25.238858928247925
pearl_millet,151,336.291410446167,0.7189733629923462,0.686766862170088,0.9485275504176862,117,103,65,16.1245154965971
pearl_millet,152,423.7888845205307,0.7459083345862693,0.6430619266055045,0.9181334424887434,92,79,42,2.8284271247461903
pearl_millet,153,331.56348848342896,0.4430956933321049,0.7182559288537549,0.9469141833577592,110,89,45,15.556349186104045
pearl_millet,154,374.77669167518616,0.6001835885696446,0.638236732697481,0.8935204998716083,97,79,40,13.45362404707371
pearl_millet,155,268.0071399211884,0.4210830192010859,0.7251558171745153,0.9595647193585338,105,89,52,28.79236009777593
pearl_millet,156,344.29141104221344,0.8133228928227808,0.5711406936980947,0.9017547242576168,101,80,44,10.0
pearl_millet,157,268.0071399211884,0.4210830192010859,0.7251558171745153,0.9595647193585338,105,89,52,27.202941017470888
pearl_millet,158,315.9482649564743,0.6550376993169436,0.6521493212669683,0.9412244897959184,108,96,57,7.071067811865476
pearl_millet,159,387.4041088819504,0.7136495089316939,0.6425916431684183,0.871004169562196,123,111,73,13.038404810405297
pearl_millet,160,286.3919163942337,0.6455233841739499,0.6249026024622097,0.9421992481203008,110,95,52,23.3452350598575
pearl_millet,161,478.9015823602677,0.6559123574198102,0.6606317411402157,0.9147642415190954,113,88,43,17.029386365926403
pearl_millet,162,310.63455700874334,0.4200844027462469,0.7093573988735279,0.9649978232477144,119,97,48,26.162950903902264
pearl_millet,163,303.3208483457565,0.6678610462277387,0.6720988820658164,0.918846195242708,95,73,34,23.259406699226016
pearl_millet,164,317.3208476305008,0.7886035234343693,0.6377476155539251,0.9599668691330756,104,88,48,12.529964086141668
pearl_millet,165,404.2741652727127,0.8401614369968896,0.491204176597435,0.8217981581695624,91,73,39,10.0
pearl_millet,166,387.74725449085236,0.7246099847601389,0.6559869528619529,0.9288587604290822,97,77,44,9.899494936611664
pearl_millet,167,371.6051186323166,0.6160539433371339,0.7654220779220781,0.9518202005248636,112,88,48,19.416487838947603
pearl_millet,168,357.46298360824585,0.6745847998044453,0.6749404761904761,0.9406835905093744,129,103,48,21.213203435596427
pearl_millet,169,445.5462433099746,0.7940671221660576,0.519506628993697,0.8029730410682792,89,70,38,15.231546211727816
pearl_millet,170,349.84775936603546,0.8165306188856558,0.6361997226074896,0.9183183183183184,84,69,36,25.0
pearl_millet,171,256.4507907629013,0.9030835971054084,0.5944170771756979,0.9354005167958656,90,75,45,11.180339887498945
pearl_millet,172,307.32084894180304,0.4245377417964815,0.7153775803501438,0.947318339100346,124,107,65,24.738633753705958
pearl_millet,173,344.8771966695785,0.6584393941951537,0.6226923076923077,0.8863947440459896,107,91,51,15.0
pearl_millet,174,380.77669179439545,0.7887263582314916,0.6690408357075024,0.9209819158980318,104,85,47,5.0
pearl_millet,175,451.1025924682617,0.68702589595717,0.6722689075630253,0.9011828024281869,119,104,59,9.433981132056603
pearl_millet,176,434.6761864423752,0.9287295639195702,0.5669810456917864,0.8556031504767169,102,85,53,3.1622776601683795
pearl_millet,177,390.3746713399887,0.7907257074078541,0.6344806763285025,0.9001884852638794,112,99,59,5.0
pearl_millet,178,434.6761864423752,0.9287295639195702,0.5669810456917864,0.8556031504767169,102,85,53,6.0
pearl_millet,179,332.97770249843603,0.9051765602060654,0.6343294677371395,0.9208935894668682,110,94,54,9.219544457292887
pearl_millet,180,381.7472542524338,0.7878591097916391,0.6238317757009346,0.9060132575757576,120,109,67,22.13594362117865
pearl_millet,181,330.14927566051483,0.5788066248095304,0.7355025773195877,0.9519639729797348,107,82,42,28.16025568065745
pearl_millet,182,570.3990564346312,0.5803593540919433,0.6101001271455817,0.7855425384969561,110,96,63,23.40939982143925
pearl_millet,183,327.22034263610834,0.7070138538438585,0.7233506300963677,0.9296875,110,98,59,27.459060435491967
pearl_millet,184,323.7056238651276,0.6643802865610694,0.7128919860627178,0.9671472465138266,107,92,57,22.67156809750927
pearl_millet,185,368.1909054517746,0.6555613649301997,0.6963946869070209,0.9418306244653549,132,115,69,24.35159132377184
pearl_millet,186,387.4041088819504,0.7136495089316939,0.6425916431684183,0.871004169562196,123,111,73,21.095023109728988
pearl_millet,187,412.3330408334732,0.8610567081177628,0.6430684931506849,0.8484059856864021,87,73,44,29.0
pearl_millet,188,450.2741655111313,0.8074160656702054,0.6285578747628083,0.8601661905998442,112,94,51,10.0
pearl_millet,189,313.66399419307714,0.7070231120799035,0.6375386996904024,0.9168521816562778,85,65,35,13.038404810405297
pearl_millet,190,489.00208699703217,0.8053634702315089,0.4619271205471063,0.6877136995669022,84,62,27,3.6055512754639887
pearl_millet,191,409.688379406929,0.7156510478847115,0.5644203312392918,0.8519827586206896,88,69,37,18.35755975068582
pearl_millet,192,391.0609624385834,0.7838709863509724,0.5825688073394495,0.8529272098229428,113,93,54,9.848857801796104
pearl_millet,193,591.8132692575455,0.8502475005058152,0.5766590389016019,0.8459214501510574,118,105,69,18.35755975068582
pearl_millet,194,388.7178165912628,0.6549831590268028,0.5741295662100456,0.8298442817366196,103,87,54,16.278820596099706
pearl_millet,195,406.57568156719213,0.6692656035383828,0.5810415075120957,0.8288231020704686,113,90,52,13.152946437965904
pearl_millet,196,358.676185965538,0.7976736487898313,0.6044852191641182,0.9304614506811212,87,68,39,4.123105625617661
pearl_millet,197,537.2863582372664,0.5390684756111328,0.624119559328156,0.8511175420232744,107,88,48,9.848857801796104
pearl_millet,198,324.49242138862616,0.8433615644931489,0.614867659222498,0.8543312742422066,107,93,51,9.848857801796104
pearl_millet,199,364.91882717609406,0.8424432454555115,0.6552177177177178,0.9111710457630068,95,77,42,25.238858928247925
pearl_millet,200,368.1909054517746,0.6555613649301997,0.6963946869070209,0.9418306244653549,132,115,69,29.154759474226502
pearl_millet,201,402.61731147766113,0.4850902430933983,0.6573751451800233,0.8430459877117855,93,69,38,24.0
pearl_millet,202,346.291410446167,0.82684305770564,0.7024082568807339,0.9478978591694608,93,79,47,27.202941017470888
pearl_millet,203,637.4112484455109,0.7480122818598733,0.5951505602240896,0.8249711824303828,114,99,58,2.23606797749979
pearl_millet,204,315.0782080888748,0.7050817106373624,0.7163910855499641,0.9726695949243532,108,91,43,25.495097567963924
pearl_millet,205,315.46298348903656,0.7017132448576027,0.6251227295041728,0.939760147601476,107,95,62,19.235384061671343
pearl_millet,206,274.4924206733704,0.6348805020347984,0.6840091190359876,0.9625343721356554,115,96,53,19.849433241279208
pearl_millet,207,375.1614677906037,0.688689108519866,0.6671156004489338,0.9167887714968768,113,96,60,13.45362404707371
pearl_millet,208,504.01427948474884,0.6607538958230031,0.5748538011695906,0.8098867147270855,111,94,53,21.54065922853801
pearl_millet,209,440.3746707439423,0.6924004452484076,0.6209851551956815,0.8637259502580948,93,68,35,5.385164807134505
pearl_millet,210,432.759446978569,0.731329301142173,0.5785356313409119,0.8175850751425117,111,97,57,13.601470508735444
pearl_millet,211,344.67618691921234,0.8696750845002008,0.6218602825745683,0.8784476784476785,93,81,50,17.262676501632072
pearl_millet,212,302.1492751836777,0.7306851214271302,0.652558206381144,0.9231473010064044,92,75,40,21.095023109728988
pearl_millet,213,324.2914109230041,0.6511856540581233,0.6963461538461538,0.941416067250195,115,96,50,24.20743687382041
pearl_millet,214,312.291410446167,0.7608105343216209,0.7000156201187129,0.9308339391421748,103,85,47,24.413111231467404
pearl_millet,215,360.1909053325653,0.6918533671182029,0.7049482163406214,0.9356957385061858,109,87,50,20.0
pearl_millet,216,376.23253524303436,0.7579644781558604,0.678978978978979,0.9262597296190086,120,105,65,15.231546211727816
pearl_millet,217,349.01933240890503,0.5150707795189489,0.7163615560640733,0.9569736339319832,107,93,60,30.08321791298265
pearl_millet,218,261.4213535785675,0.6737575536064386,0.5833543505674653,0.8506803972048548,81,62,40,17.029386365926403
pearl_millet,219,282.24978005886084,0.3073448501334602,0.6503044140030442,0.9200538358008076,87,69,31,21.95449840010015
pearl_millet,220,539.872144818306,0.6568862682100566,0.5850460666194188,0.8010674429888404,119,105,65,4.47213595499958
pearl_millet,221,335.6051187515259,0.7302768160885894,0.6408768930141671,0.9475442397977608,97,84,49,19.6468827043885
pearl_millet,222,549.2863579988481,0.8388346212068896,0.5382034632034632,0.8231626572500552,111,90,42,7.0
pearl_millet,223,341.2619732618332,0.8447009877048446,0.6006279267773521,0.9387059214903526,105,86,47,7.7781745930520225
pearl_millet,224,519.8721442222595,0.9049600923223076,0.4896505376344086,0.8191579065714768,93,79,46,3.0
pearl_millet,225,374.4335454702377,0.6646637934714557,0.6311827956989248,0.929117060078453,85,67,34,24.515301344262525
pearl_millet,226,390.67618668079376,0.7513079768147699,0.6344866071428571,0.8719325153374233,122,107,72,24.698178070456933
pearl_millet,227,422.8599520921707,0.7736518147737009,0.500205952013181,0.8274422962268972,93,81,50,4.242640687119285
pearl_millet,228,359.1198379993439,0.7242056649036221,0.6118924392439244,0.903405315614618,114,93,46,4.123105625617661
pearl_millet,229,629.5117537975311,0.7348318468363939,0.5427620200622622,0.7766984284123252,111,92,56,16.1245154965971
pearl_millet,230,319.4629836082458,0.6766631497806233,0.6155289276204309,0.9227070670416402,88,75,44,15.620499351813306
pearl_millet,231,430.9604573249817,0.7663735010759052,0.6287739885099621,0.8678194854491775,124,106,61,16.76305461424021
pearl_millet,232,483.34523379802704,0.8653076166921619,0.6553136572775221,0.8589394719423402,111,99,60,13.601470508735444
pearl_millet,233,337.5634888410568,0.6290613844142458,0.7412265154200638,0.9575637307281332,118,94,50,26.925824035672523
pearl_millet,234,335.0193326473236,0.7040602322916667,0.6664086687306502,0.9273021001615508,106,81,36,19.697715603592208
pearl_millet,235,498.7005712985992,0.6545549887512256,0.5592592592592592,0.7515358892604401,107,93,57,28.600699292150182
pearl_millet,236,430.4751760959625,0.5681860234653396,0.6324786324786325,0.904259611504986,116,99,53,11.180339887498945
pearl_millet,237,590.5411913394927,0.6329302684473654,0.5667137476459511,0.822986462464105,111,96,54,8.48528137423857
pearl_millet,238,703.1513630151749,0.6042666321723793,0.6053728578045391,0.814372501168285,125,115,78,11.6619037896906
pearl_millet,239,317.5634888410568,0.5654372560214226,0.6785714285714286,0.951087845575004,101,84,47,16.1245154965971
pearl_millet,240,318.63455665111536,0.7420951468866045,0.6655528937082336,0.9452054794520548,115,93,50,28.284271247461906
pearl_millet,241,506.0731555223465,0.7680061493766461,0.6245185185185185,0.8936824252702991,107,94,62,18.788294228055932
pearl_millet,242,334.0904002189636,0.7082432873449436,0.6658549783549783,0.9614032346277052,103,87,51,23.3452350598575
pearl_millet,243,433.4457386732101,0.7340830676442801,0.6656656656656657,0.8810864524677046,97,79,44,29.068883707497267
pearl_millet,244,331.1198379993439,0.7895433902153741,0.6599375,0.9363305843752772,98,84,49,5.656854249492381
pearl_millet,245,549.2863579988481,0.8388346212068896,0.5382034632034632,0.8231626572500552,111,90,42,13.0
pearl_millet,246,362.09040009975433,0.7020792815782826,0.638700351935646,0.9223997095661643,119,101,57,23.769728648009423
pearl_millet,247,463.8305141925812,0.6175783894453744,0.6072364725706797,0.8645208583233374,109,96,58,10.0
pearl_millet,248,361.7056241035461,0.4617548641767698,0.6783097854526426,0.8899759697905939,112,92,54,14.212670403551895
pearl_millet,249,369.7472542524338,0.5853800174545819,0.6860846560846561,0.9477415582517176,121,101,55,17.0
pearl_millet,250,300.24978053569794,0.6127366922021248,0.7341230198373055,0.9551573670039922,116,96,44,17.464249196572982
pearl_millet,251,438.41630029678345,0.6715773148749261,0.5823863636363636,0.8517749074157709,110,91,52,19.416487838947603
pearl_millet,252,484.75944662094116,0.6564378119849903,0.6044025157232704,0.8458266099457239,105,86,43,15.620499351813306
pearl_millet,253,281.17871308326716,0.4570828181480443,0.7257722007722007,0.9247325052269092,98,78,47,26.41968962724581
pearl_millet,254,390.37467098236084,0.7771135475186521,0.6335348506401138,0.8904531822725759,111,90,46,17.0
pearl_millet,255,336.291410446167,0.7189733629923462,0.686766862170088,0.9485275504176862,117,103,65,19.723082923316017
pearl_millet,256,362.29141080379486,0.5371331998965301,0.6764497878359265,0.9405113077679448,94,78,43,26.0768096208106
pearl_millet,257,382.57568180561066,0.7636778081498622,0.6390228818800248,0.8975071658125597,98,86,52,24.698178070456933
pearl_millet,258,293.52185893058777,0.6419506655215705,0.7142695099818511,0.9089203233256352,109,84,39,14.212670403551895
pearl_millet,259,414.85995244979864,0.6403701841247282,0.6459749362786746,0.9300458715596329,130,113,64,16.55294535724685
pearl_millet,260,323.07820773124695,0.7631347105299923,0.6764705882352942,0.9358651424142608,101,85,52,26.019223662515373
pearl_millet,261,324.9777023792267,0.6025604611481656,0.7022400407280133,0.950719393469458,99,73,37,15.231546211727816
pearl_millet,262,338.1909056901932,0.7312437316670815,0.6957472993299604,0.939612188365651,108,96,61,16.97056274847714
pearl_millet,263,380.6761865615845,0.7333403202927654,0.6814440703329592,0.9633743223588525,105,88,48,25.612496949731394
pearl_millet,264,360.7766922712326,0.8515869295214864,0.6323293632615666,0.9271261858785996,107,90,41,10.606601717798213
pearl_millet,265,559.6711339950562,0.7102846038389742,0.6001594896331739,0.8633209062231144,107,90,56,9.219544457292887
pearl_millet,266,346.291410446167,0.82684305770564,0.7024082568807339,0.9478978591694608,93,79,47,29.206163733020468
pearl_millet,267,425.2030984163284,0.7123698075499691,0.6308823529411764,0.9017831255436358,119,98,56,5.830951894845301
pearl_millet,268,415.16146743297577,0.8202228881145299,0.5527904169375059,0.8626286045500652,90,74,38,17.11724276862369
pearl_millet,269,577.0264726877213,0.7273653847963296,0.5833859427609428,0.7600932209198711,118,99,51,13.152946437965904
pearl_millet,270,416.13203048706055,0.6172033214913242,0.6558609349307024,0.8403943110843555,106,91,53,17.691806012954128
pearl_millet,271,300.24978053569794,0.6127366922021248,0.7341230198373055,0.9551573670039922,116,96,44,19.924858845171283
pearl_millet,272,406.81832134723663,0.6668349000269846,0.6331199397476934,0.9212959791766558,97,80,51,2.1213203435596424
pearl_millet,273,407.7888844013214,0.6078359401211549,0.5675752818609962,0.8424062698580809,106,91,55,24.515301344262525
pearl_millet,274,404.1320298910141,0.8547286829959082,0.5918479541349251,0.9523568810817642,115,99,59,24.413111231467404
pearl_millet,275,577.0264726877213,0.7273653847963296,0.5833859427609428,0.7600932209198711,118,99,51,23.40939982143925
pearl_millet,276,389.06096184253687,0.8779847954532536,0.5171343537414966,0.9134810364250844,94,83,51,-10.0
pearl_millet,277,439.1025928258896,0.7403137215693792,0.6557739557739558,0.8794069192751236,96,79,43,19.235384061671343
pearl_millet,278,315.46298348903656,0.7017132448576027,0.6251227295041728,0.939760147601476,107,95,62,24.59674775249769
pearl_millet,279,357.8061293363571,0.8021217298105899,0.7254568367989918,0.9277943428156984,130,114,69,26.87005768508881
pearl_millet,280,434.1320298910141,0.8005072930113543,0.6096774193548387,0.8756557879675683,98,84,53,7.810249675906653
pearl_millet,281,320.53405094146734,0.8441165929675596,0.6027289425347678,0.9229532898041184,111,92,50,11.6619037896906
pearl_millet,282,371.0193325281143,0.7079233497631321,0.6552676295666949,0.9321649796041698,104,91,56,12.806248474865697
pearl_millet,283,343.3624783754349,0.6633136059323271,0.6427777777777778,0.884387540607682,92,77,48,14.142135623730953
pearl_millet,284,309.7644990682602,0.5483333963248095,0.6085600907029478,0.8917038729103935,92,77,39,20.0
pearl_millet,285,330.1909056901932,0.6224153129730402,0.6883015934706568,0.934071729957806,114,98,55,18.384776310850235
pearl_millet,286,400.4751763343811,0.617697541858545,0.6420722135007849,0.8590632220121823,94,76,42,23.33452377915607
pearl_millet,287,382.4335458278656,0.8185941649011653,0.5201939471440751,0.8393947210042129,78,65,38,24.59674775249769
pearl_millet,288,423.7888842821121,0.6136834344293255,0.6586763939551851,0.9225155090621578,105,93,55,22.82542442102665
pearl_millet,289,340.53405141830444,0.5752008192747143,0.6513747296879827,0.8924867724867724,106,95,57,26.1725046566048
pearl_millet,290,318.63455665111536,0.7420951468866045,0.6655528937082336,0.9452054794520548,115,93,50,21.2602916254693
pearl_millet,291,339.11983752250666,0.5612913909245087,0.7134961127308066,0.9361651259164808,109,93,55,19.697715603592208
pearl_millet,292,768.4234408140182,0.746413769639812,0.5170943134535367,0.7229143438848223,93,79,46,1.4142135623730951
pearl_millet,293,377.2619732618332,0.8484813925313119,0.5962448559670782,0.9153439153439152,106,94,59,-3.0
pearl_millet,294,330.43354582786566,0.7060009418212809,0.6556509833208862,0.9276217310909572,120,100,50,20.0
pearl_millet,295,330.2914109230041,0.794502442870238,0.6536158192090396,0.9524946484439322,98,84,55,8.602325267042627
pearl_millet,296,381.7472542524338,0.7878591097916391,0.6238317757009346,0.9060132575757576,120,109,67,24.166091947189145
pearl_millet,297,406.96045804023737,0.6566522156050233,0.6450968013468014,0.902015595115492,102,92,61,17.677669529663692
pearl_millet,298,424.51680552959436,0.7590527479889922,0.5381408065618591,0.8219020774611129,86,67,39,4.0
pearl_millet,299,502.65894174575806,0.8031526079051323,0.6613960113960113,0.8380362192407196,123,102,64,3.0
pearl_millet,300,320.291410446167,0.5981143651054083,0.6779411764705883,0.9101149692254094,90,82,48,25.94224354214569
pearl_millet,301,504.01427948474884,0.6607538958230031,0.5748538011695906,0.8098867147270855,111,94,53,11.180339887498945
pearl_millet,302,453.3868635892868,0.6898683059196259,0.6665966386554621,0.8902918069584737,113,93,50,4.47213595499958
pearl_millet,303,423.7888842821121,0.6136834344293255,0.6586763939551851,0.9225155090621578,105,93,55,16.492422502470642
pearl_millet,304,331.56348848342896,0.4430956933321049,0.7182559288537549,0.9469141833577592,110,89,45,26.40075756488817
pearl_millet,305,192.99494767189026,0.8577810043135968,0.6678291194420227,0.8791965566714491,89,62,31,-4.47213595499958
pearl_millet,306,790.1635550260544,0.8118166322777419,0.4965568125922282,0.7105937955653879,103,88,55,8.06225774829855
pearl_millet,307,309.7644990682602,0.5483333963248095,0.6085600907029478,0.8917038729103935,92,77,39,25.05992817228333
pearl_millet,308,459.1442230939865,0.7985175325405582,0.6059304910082846,0.8832842415316642,115,100,57,19.091883092036785
pearl_millet,309,406.9604570865631,0.790524810996629,0.6270689655172413,0.9366469224826164,102,90,54,0.7071067811865476
pearl_millet,310,320.2914109230041,0.6556148545418854,0.6802066980638409,0.9410859728506789,114,101,55,21.213203435596427
pearl_millet,311,328.1492755413056,0.6582441324948618,0.6717230367252142,0.9319303192024972,95,86,57,25.806975801127876
pearl_millet,312,386.23253560066223,0.7964846888393817,0.6239832535885167,0.8801248523705079,107,84,48,18.110770276274835
pearl_millet,313,358.0904004573822,0.7919852695210198,0.6433287347260543,0.9534832773477436,113,99,62,-0.0
pearl_millet,314,342.63455617427826,0.5475780510106862,0.532387365720699,0.7425919713742593,82,60,27,16.0
pearl_millet,315,346.8771966695785,0.7260701210463842,0.7041719342604298,0.9595176571920758,105,92,54,20.615528128088304
pearl_millet,316,296.24978065490717,0.9080009446543866,0.5262302349637948,0.8892495942065176,90,67,42,-3.0
pearl_millet,317,360.7766922712326,0.8515869295214864,0.6323293632615666,0.9271261858785996,107,90,41,14.142135623730953
pearl_millet,318,354.33304071426386,0.7341354107883012,0.6541529152915292,0.9147197384866841,119,107,64,14.212670403551895
pearl_millet,319,330.14927566051483,0.5788066248095304,0.7355025773195877,0.9519639729797348,107,82,42,24.75883680627989
pearl_millet,320,335.6051187515259,0.7302768160885894,0.6408768930141671,0.9475442397977608,97,84,49,17.08800749063506
pearl_millet,321,344.53405129909515,0.6800291308310518,0.6646451033243486,0.9327029156816392,109,88,46,6.324555320336759
pearl_millet,322,387.74725449085236,0.7246099847601389,0.6559869528619529,0.9288587604290822,97,77,44,17.029386365926403
pearl_millet,323,610.4579310417175,0.8944669077250927,0.4222038912276709,0.7415938046465151,73,63,41,-33.52610922848042
pearl_millet,324,344.6345565319061,0.7667110584806669,0.6623636363636364,0.941343669250646,115,97,51,15.264337522473747
pearl_millet,325,358.0904004573822,0.7919852695210198,0.6433287347260543,0.9534832773477436,113,99,62,4.0
pearl_millet,326,412.3330408334732,0.8610567081177628,0.6430684931506849,0.8484059856864021,87,73,44,27.29468812791236
pearl_millet,327,422.61731147766113,0.6661589042438075,0.6475095785440613,0.8893471767885079,121,107,66,16.1245154965971
pearl_millet,328,317.5634888410568,0.5654372560214226,0.6785714285714286,0.951087845575004,101,84,47,23.853720883753127
pearl_millet,329,358.39191579818726,0.7794560511301882,0.6867798665858096,0.9646507666098808,104,88,53,30.59411708155671
pearl_millet,330,320.53405094146734,0.8441165929675596,0.6027289425347678,0.9229532898041184,111,92,50,11.401754250991381
pearl_millet,331,361.0193321704865,0.7265834236129673,0.7148427672955975,0.9288983327884929,106,85,49,26.47640458974745
pearl_millet,332,622.2396751642227,0.6412670392761582,0.5262996941896024,0.7178310740354535,103,87,52,0.7071067811865476
pearl_millet,333,354.0487701892853,0.6440392178657248,0.6059506531204645,0.8540015341344924,91,69,33,8.06225774829855
pearl_millet,334,341.948264837265,0.8360830443895032,0.5717963386727689,0.8932880507641433,90,69,40,15.0
pearl_millet,335,273.9066344499588,0.3620763398162116,0.6625939849624061,0.9544223826714802,112,96,48,23.021728866442675
pearl_millet,336,439.24472773075104,0.7722563300037942,0.6139970161399702,0.8329346826126955,117,104,64,13.038404810405297
pearl_millet,337,322.39191579818726,0.7145030779409733,0.6336898395721925,0.9060498900888846,100,90,55,19.924858845171283
pearl_millet,338,409.8477598428726,0.8609901913309563,0.6547745358090186,0.8765980113636364,122,95,47,17.464249196572982
pearl_millet,339,498.11478555202484,0.6870837110120047,0.6028162511542013,0.8476920080503798,115,100,60,11.31370849898476
pearl_millet,340,354.33304071426386,0.7341354107883012,0.6541529152915292,0.9147197384866841,119,107,64,12.206555615733702
pearl_millet,341,259.96550965309143,0.4208265811495323,0.7544144144144144,0.9705609643022716,119,100,49,25.0
pearl_millet,342,357.0193326473236,0.6673413878152339,0.7172072567344695,0.9459106728538283,123,100,44,10.77032961426901
pearl_millet,343,360.09040081501007,0.619218267733664,0.6590335855568831,0.9034576888080073,110,88,40,17.720045146669353
pearl_millet,344,496.7594465017319,0.7970017323935296,0.4728014085812251,0.7822753756516406,92,74,41,7.810249675906653
pearl_millet,345,314.14927542209625,0.8843711212563088,0.5765676567656766,0.906308362730857,85,68,36,7.6157731058639095
pearl_millet,346,437.8893896341324,0.80894561995767,0.6393681753771776,0.9018812463256908,107,90,51,19.209372712298546
pearl_millet,347,303.2203427553177,0.8805318107795601,0.5250849229161223,0.9232713071444979,89,75,44,21.470910553583888
pearl_millet,348,444.17365980148315,0.769606225573155,0.6212000907441017,0.8778552536667468,124,110,67,4.123105625617661
pearl_millet,349,353.5046133995056,0.8020631651990824,0.6381578947368421,0.927120669056153,99,84,43,21.0
pearl_millet,350,382.7766919136048,0.8088173389628217,0.628673245614035,0.9166266986410871,108,95,62,29.8328677803526
pearl_millet,351,363.3624786138535,0.7568728861450971,0.6333333333333333,0.8682286473911599,116,94,44,25.495097567963924
pearl_millet,352,273.9066344499588,0.3620763398162116,0.6625939849624061,0.9544223826714802,112,96,48,29.410882339705488
pearl_millet,353,449.73000860214233,0.7249996225593994,0.5447720447720448,0.8092872351211599,108,97,60,9.848857801796104
pearl_millet,354,537.1858531236649,0.8529697549804034,0.5255129348795718,0.7761528326745718,86,62,33,16.97056274847714
pearl_millet,355,307.32084894180304,0.4245377417964815,0.7153775803501438,0.947318339100346,124,107,65,21.37755832643195
pearl_millet,356,459.1442230939865,0.7985175325405582,0.6059304910082846,0.8832842415316642,115,100,57,19.104973174542803
pearl_millet,357,418.03152525424963,0.7302932648174978,0.606232782369146,0.892295995945261,122,108,65,21.93171219946131
pearl_millet,358,333.90663480758667,0.7244868615230502,0.7373737373737373,0.951442422315823,110,91,45,14.7648230602334
pearl_millet,359,346.53405141830444,0.5063692554810041,0.6251604621309371,0.8608042421564295,114,98,54,18.439088914585774
pearl_millet,360,346.19090509414673,0.7594071182147552,0.6734091866835229,0.9589678193683896,105,79,37,22.803508501982762
pearl_millet,361,554.4995603561401,0.7898523228318679,0.5595609962009287,0.7691325790542499,104,86,46,-1.0
pearl_millet,362,320.29141020774836,0.6001177378062701,0.6683501683501684,0.9339548662542476,96,74,40,21.2602916254693
pearl_millet,363,445.5462433099746,0.7940671221660576,0.519506628993697,0.8029730410682792,89,70,38,27.07397274136177
pearl_millet,364,591.8132692575455,0.8502475005058152,0.5766590389016019,0.8459214501510574,118,105,69,20.591260281974
pearl_millet,365,302.83556687831884,0.7397876194957878,0.6922207146087743,0.9578596015437572,91,82,57,26.162950903902264
pearl_millet,366,290.83556663990015,0.6277603064458956,0.6909949164851126,0.958303958102528,121,102,60,14.866068747318506
pearl_millet,367,274.4924206733704,0.6348805020347984,0.6840091190359876,0.9625343721356554,115,96,53,22.02271554554524
pearl_millet,368,377.1198377609253,0.7083718368811383,0.7305153991200503,0.9465861273245556,116,102,64,28.071337695236398
pearl_millet,369,407.0609624385834,0.8892890637682764,0.571422304115118,0.9244800908510186,91,78,47,11.704699910719626
pearl_millet,370,279.32084834575653,0.4948223594820946,0.5932430023177037,0.8967794097830482,78,66,36,20.12461179749811
pearl_millet,371,422.61731147766113,0.6661589042438075,0.6475095785440613,0.8893471767885079,121,107,66,17.4928556845359
pearl_millet,372,274.93607246875763,0.4878973066497844,0.6628436498566369,0.94176851186197,85,64,30,13.45362404707371
pearl_millet,373,502.65894174575806,0.8031526079051323,0.6613960113960113,0.8380362192407196,123,102,64,8.246211251235321
pearl_millet,374,380.77669179439545,0.7887263582314916,0.6690408357075024,0.9209819158980318,104,85,47,19.416487838947603
pearl_millet,375,309.07820749282837,0.8806573380903532,0.6275232919254659,0.9100633356790993,92,71,39,17.720045146669353
pearl_millet,376,330.43354582786566,0.7060009418212809,0.6556509833208862,0.9276217310909572,120,100,50,22.47220505424423
pearl_millet,377,353.5046133995056,0.8020631651990824,0.6381578947368421,0.927120669056153,99,84,43,19.091883092036785
pearl_millet,378,507.97264969348913,0.8176872366694714,0.587995337995338,0.8144261813912533,108,96,61,16.76305461424021
pearl_millet,379,344.19090509414673,0.4479495304725225,0.6860948191593352,0.9393559180259304,114,97,53,26.0768096208106
pearl_millet,380,446.173660159111,0.8184120508026578,0.6872273275782048,0.8953319627524489,107,99,72,21.93171219946131
pearl_millet,381,369.0193325281143,0.8386484528531492,0.6161814109742442,0.9435553015147184,86,76,48,31.0
pearl_millet,382,414.57568192482,0.8752805192100194,0.6126367845117845,0.8624648200266627,84,74,45,22.47220505424423
pearl_millet,383,296.24978065490717,0.9080009446543866,0.5262302349637948,0.8892495942065176,90,67,42,-0.0
pearl_millet,384,356.6761865615845,0.6770526864382059,0.663961038961039,0.9535883424408016,113,99,59,17.691806012954128
pearl_millet,385,326.291410446167,0.6977015826060923,0.6691569484936832,0.9548448604610852,115,90,45,17.691806012954128
pearl_millet,386,469.4873684644699,0.4959746417646848,0.5657171775592829,0.7335020622422197,109,90,45,19.235384061671343
pearl_millet,387,324.9777023792267,0.6025604611481656,0.7022400407280133,0.950719393469458,99,73,37,25.0
pearl_millet,388,371.6051186323166,0.6160539433371339,0.7654220779220781,0.9518202005248636,112,88,48,24.33105012119288
pearl_millet,389,382.7766919136048,0.8088173389628217,0.628673245614035,0.9166266986410871,108,95,62,27.0
pearl_millet,390,407.0609624385834,0.8892890637682764,0.571422304115118,0.9244800908510186,91,78,47,5.0990195135927845
pearl_millet,391,377.2619725465775,0.655055315570593,0.6180778032036613,0.9232925411909484,84,67,34,2.0
pearl_millet,392,284.1076452732086,0.720499918611483,0.7690145502645502,0.9598596636054072,125,107,55,25.495097567963924
pearl_millet,393,382.57568180561066,0.7636778081498622,0.6390228818800248,0.8975071658125597,98,86,52,29.546573405388315
pearl_millet,394,368.4335453510285,0.7677030211150847,0.5943576285339377,0.8787477954144621,78,60,35,2.23606797749979
pearl_millet,395,296.0071403980255,0.7136877759884369,0.6921919543870764,0.9309830652891682,112,100,64,16.97056274847714
pearl_millet,396,319.705624461174,0.4995895108140401,0.6899133175728921,0.9478527607361964,119,105,67,21.095023109728988
pearl_millet,397,462.55843591690063,0.8094078462424128,0.5626984126984127,0.8471361362108879,101,78,44,18.027756377319946
pearl_millet,398,343.948264837265,0.7482602071704295,0.6754946911196911,0.9524498128615176,102,86,44,15.556349186104045
pearl_millet,399,339.11983752250666,0.5612913909245087,0.7134961127308066,0.9361651259164808,109,93,55,25.079872407968914
pearl_millet,400,390.3746713399887,0.7907257074078541,0.6344806763285025,0.9001884852638794,112,99,59,2.8284271247461903
pearl_millet,401,361.9482645988464,0.5438336967474813,0.6700343642611684,0.9100158685708952,101,83,45,23.3452350598575
pearl_millet,402,449.2250933382513,0.49589484321305755,0.48847710756806256,0.9100087256613656,130,109,72,8.475374579972524
pearl_millet,403,336.20693250525505,0.5326021473923419,0.7464358014922543,0.8112576106443762,95,63,68,23.31534902727408
pearl_millet,404,304.3981830844662,0.390112144271892,0.6588528441479047,0.8924373713581865,79,68,77,14.136717224337744
pearl_millet,405,608.6449193992547,0.6621229369662621,0.626076188642956,0.9357922043494321,91,111,61,-14.13116973078817
pearl_millet,406,381.98433403724425,0.8134753523225371,0.7668490478103365,0.8301688932068154,89,70,69,-17.817172290727996
pearl_millet,407,289.114824627553,0.6312216977202653,0.5305395291628329,0.7726165704495381,99,103,86,30.1823079454943
pearl_millet,408,511.1646415101117,0.8943682531956475,0.45010181579645125,0.9142075427620041,83,77,96,-19.653843128705212
pearl_millet,409,578.1820386256719,0.7303008406518128,0.6552893223830645,0.7276093888808332,118,102,60,-8.42524448820782
pearl_millet,410,599.6921827818686,0.8795065271211123,0.7101203093493041,0.8630857524681942,99,93,87,8.31294809535138
pearl_millet,411,462.5151090908064,0.552129837515956,0.7064211858708168,0.7825984952109252,75,109,86,2.5086715810098497
pearl_millet,412,631.093835162189,0.8802269001701587,0.5138184106453685,0.7838081511184912,94,76,63,-4.569026270884908
pearl_millet,413,308.1467208214064,0.8828749233113795,0.4819781537072942,0.8035441491168442,90,98,74,-1.880731912350683
pearl_millet,414,659.9253060459184,0.7540863600463875,0.6267007012402427,0.7704509234629083,121,80,112,-26.131872694594293
pearl_millet,415,479.58262063601705,0.30512165704163374,0.7434546636224927,0.8037348275098622,92,98,65,-32.56376290865647
pearl_millet,416,679.0390794165232,0.8745546515658501,0.733497460067108,0.9120096015651712,74,81,61,-17.283690232453882
pearl_millet,417,763.112073292836,0.2752104308895752,0.5315920707937197,0.7053897349718555,96,87,93,0.7549727877242347
pearl_millet,418,342.58351074610323,0.348238115241731,0.7503833637795119,0.9164104684364566,89,110,97,16.839750337772834
pearl_millet,419,256.6736528090719,0.8313598895037678,0.5151153880251247,0.6994662022504217,77,67,109,11.170169692606464
pearl_millet,420,697.0028475519475,0.9228898188914203,0.6988899395020078,0.9300465033996981,100,80,105,28.393170979514515
pearl_millet,421,565.7795832718128,0.2948574361965362,0.5641774258268041,0.7558007661454755,122,64,98,-19.08750568820676
pearl_millet,422,318.41877463028754,0.561924825879147,0.6077480858863857,0.766923376381017,83,72,82,21.296572439506654
pearl_millet,423,336.5853896696781,0.8242751682988121,0.5134782651843135,0.9389390122540433,115,98,98,13.242674836543749
pearl_millet,424,222.81064891116347,0.9099834017055108,0.5967571852003847,0.9538815284419493,73,71,93,9.368156071668793
pearl_millet,425,343.3322004112921,0.5353448988904823,0.48339441426420765,0.7076520435349963,109,70,111,-10.81825790365038
pearl_millet,426,278.44470224623467,0.307380487590323,0.7642070826294042,0.7646470127734012,103,102,61,11.721233765652514
pearl_millet,427,588.5865032661368,0.501625200558798,0.667849724185373,0.747779464625668,118,75,92,-23.695349254114227
pearl_millet,428,455.72488534555555,0.5724620191880225,0.5319978517966787,0.9488497293829182,97,62,105,29.13784139359695
pearl_millet,429,586.649450448253,0.9209220098337049,0.46010852945789477,0.7908647612524131,114,96,91,28.484245503076252
pearl_millet,430,387.30225598678396,0.34457817629491455,0.5791852995810806,0.8013852182963042,103,82,85,7.250983134608937
pearl_millet,431,627.0393664194467,0.8399428794675137,0.49717069315173434,0.8926982057397315,88,103,103,10.910354217538405
pearl_millet,432,664.2928483108129,0.6797787623012862,0.7470642480957179,0.754797385211935,113,75,104,20.10703798056491
pearl_millet,433,501.72250385753915,0.7821172773889598,0.5832536579141949,0.8208954150698994,124,102,111,-17.15853085155523
pearl_millet,434,585.6265791907836,0.31507738583241884,0.725807219840128,0.8276814146743986,75,98,98,-26.629441767541657
pearl_millet,435,405.51964116435937,0.34234238457238436,0.6136342927434051,0.9520520876430789,80,95,98,17.04225178621327
pearl_millet,436,616.9115493446884,0.4363856794247751,0.5473763672860752,0.9621226096042771,125,86,95,-8.114391735816444
pearl_millet,437,282.00988527745346,0.4002094089958471,0.6424609801252846,0.7582356153149781,130,113,87,-0.7279461256016617
pearl_millet,438,710.7921267075385,0.7976812870691838,0.7286028126330217,0.7608961516568816,80,96,67,28.941249515641736
pearl_millet,439,640.2675447614773,0.5817201262644555,0.753334444671669,0.8932096236701039,89,112,107,17.745723935581275
pearl_millet,440,683.959948992707,0.518572639370887,0.5906001607311946,0.920735067742425,94,86,78,-13.167969265764505
pearl_millet,441,755.9811059599466,0.8008561398601685,0.7136636312849379,0.6960460300623628,110,92,62,-9.043084814654343
pearl_millet,442,636.2785833081546,0.38435079515107207,0.5022738044402424,0.7050108057807848,108,89,70,29.79375607702812
pearl_millet,443,483.0620428646912,0.8102149829595207,0.5189167891317187,0.9282160592668017,110,75,72,-20.436519220358953
pearl_millet,444,573.4437745684276,0.5039578046323688,0.5159693084672737,0.8699162476233913,82,113,98,-29.841316479017586
pearl_millet,445,420.65471507972893,0.43100223106062824,0.6355418318463897,0.9697563388693464,95,70,71,5.586470703230049
pearl_millet,446,315.9621189997519,0.5697769452677264,0.4963759979269621,0.8774801390669643,109,90,105,-3.908472791614102
pearl_millet,447,747.6429587991504,0.38454091581324923,0.742626236001428,0.8208862444333651,91,72,71,24.63895300268053
pearl_millet,448,461.52823805684875,0.24064166651928787,0.4355392669827946,0.8236356573435388,98,99,112,-19.387866411053487
pearl_millet,449,437.4806975543826,0.2650251085710268,0.48267912006078667,0.908128730727991,108,106,70,20.65475731686427
pearl_millet,450,317.4510296935491,0.4046402409403578,0.4547188787923643,0.8593349318105934,121,108,68,-23.974985811743494
pearl_millet,451,736.9537691381706,0.8649733261221929,0.6939096281453387,0.9093478155134755,121,70,70,25.19672645760258
pearl_millet,452,433.26172645561394,0.5389722432910163,0.433030472903358,0.8348810135483402,100,84,90,12.459972600726886
pearl_millet,453,245.94112516136312,0.3078080698120141,0.7130076552925804,0.8601975783723246,106,100,72,-3.1878111641953133
pearl_millet,454,307.22108279456967,0.6326340395395672,0.5271868831626186,0.947036181249578,82,64,90,-23.68795872853687
pearl_millet,455,363.3057147592405,0.2702513987049898,0.612260451329608,0.9579486957401948,126,113,71,-5.603416991985991
pearl_millet,456,404.48323911846285,0.8580228699640605,0.748692537663949,0.7693112129841431,100,75,100,4.781348288259238
pearl_millet,457,250.4991505406938,0.3982616283077923,0.7529458380699532,0.8702740512593867,89,107,79,18.05530851232203
pearl_millet,458,365.92559254324135,0.5755909297858874,0.5143185395869654,0.7541260097988328,77,91,87,-3.042475975191067
pearl_millet,459,408.90044257747303,0.5344404090356671,0.5450908634090272,0.8133584583622981,127,111,112,-25.814607012025306
pearl_millet,460,682.2768249010012,0.9258109716884898,0.7374496356877928,0.8137921240473487,89,83,91,13.183137335359106
pearl_millet,461,693.0950033034449,0.4198699071916634,0.6988470549446586,0.7505292757989016,111,87,79,5.067980157228561
pearl_millet,462,354.4870605065162,0.23008183707052546,0.7180684084141086,0.8719047467495442,109,102,102,-22.59680951306119
pearl_millet,463,642.243274987544,0.327393412600229,0.45966534610306464,0.8844172648008658,100,88,61,-1.561357758695145
pearl_millet,464,336.0525091008409,0.8328729064742331,0.4595780633153481,0.6898330367155342,78,105,109,-4.471867827149911
pearl_millet,465,533.217748344521,0.6831493602896578,0.5535340161152642,0.8367771387295805,119,71,101,13.252767286533931
pearl_millet,466,600.6363351764464,0.6636376982310225,0.6572609290482273,0.7145598668949702,79,100,101,-5.4922751183757015
pearl_millet,467,554.7629246486151,0.2529002666501999,0.4568496245861413,0.9003255487722348,120,87,114,8.265556559062063
pearl_millet,468,495.65147001128594,0.22874748685147195,0.515222258762443,0.9313282260178403,113,99,62,-15.711022762070403
pearl_millet,469,306.917881636356,0.80446124173849,0.5249797718633962,0.773013404307791,110,70,82,13.80360421571718
pearl_millet,470,287.9167898277297,0.5618730069313757,0.49222176775091514,0.8708538787898429,107,83,99,27.99074030493454
pearl_millet,471,374.004178917819,0.7858195495064921,0.6458425150304578,0.9693026663191096,85,67,86,17.572806249462218
pearl_millet,472,617.4027130274249,0.6515923751275132,0.7404295490803486,0.7783991389144533,115,102,68,-20.908049898817698
pearl_millet,473,674.0733618652034,0.9039859345829904,0.6576409079093762,0.9059449302271076,107,96,67,6.0815543289508796
pearl_millet,474,441.50876326833145,0.7158078666512409,0.45439944144052175,0.7840345353894975,123,93,88,-29.619141640845523
pearl_millet,475,500.04201470512476,0.5427505267955878,0.4228969246292157,0.7488595628508528,88,72,88,15.03720244856305
pearl_millet,476,508.79128731182453,0.8551060828093296,0.5921025554239729,0.7452880357879108,102,89,72,8.51172249361997
pearl_millet,477,350.94788006938563,0.5808493414199033,0.49748231162128914,0.7353774545268873,123,95,64,-4.356925250176452
pearl_millet,478,652.7326724569441,0.2333200165937499,0.5274034652801535,0.7309379132468834,92,106,101,24.388048381077162
pearl_millet,479,782.2789133238314,0.4869653006468043,0.7419163568263276,0.778526283820674,124,62,73,7.408592510317362
pearl_millet,480,517.5759180148925,0.25830894894757783,0.761808979882756,0.9569450524345193,91,91,73,-29.804090698810825
pearl_millet,481,715.8431234763121,0.6240127897562278,0.5739528624517288,0.8386986064325413,97,79,83,-24.904736876068014
pearl_millet,482,779.4672845167968,0.60699919088597,0.7676071713782406,0.9709049166519755,95,74,82,7.686070044327721
pearl_millet,483,526.1589151456342,0.5056190804537656,0.5663803071936603,0.8363393718606505,73,71,63,8.275435245485049
pearl_millet,484,529.7697720623341,0.6617908229553078,0.6232951946699853,0.890443122647895,109,103,114,-33.09610912611076
pearl_millet,485,509.5545164599292,0.4905174654099037,0.5240823415383167,0.8016689473903732,95,90,61,-4.219793500854504
pearl_millet,486,383.9662502455726,0.34778231487689387,0.49018257113694413,0.9233710231149654,124,74,77,-3.729188385449291
pearl_millet,487,559.5214583786338,0.5961056502675753,0.746241199207782,0.7262816542654243,127,104,79,-21.223368608950448
pearl_millet,488,255.05728605613632,0.7967937393064675,0.6575311733585737,0.8909383766956753,90,96,72,16.480376093043063
pearl_millet,489,431.3833680868064,0.5837329446179893,0.6928166694051362,0.8707025601604121,95,102,67,26.22400391034833
pearl_millet,490,547.6200082260013,0.6688913253954791,0.476732683837342,0.7485510606019751,77,60,90,-27.86496750479951
pearl_millet,491,298.70931233533133,0.5129344283946722,0.4396324779134785,0.7725069069715684,80,61,104,27.087944954265275
pearl_millet,492,490.3921515851308,0.5037529953667667,0.46300104349375204,0.8635035876885715,95,74,70,-17.137641248335104
pearl_millet,493,754.4264908917029,0.8747809092594873,0.7185552554253163,0.7174728929825671,83,97,89,-29.474704010635502
pearl_millet,494,352.56181519962183,0.8508135682456147,0.6896253584316561,0.7643782181748728,110,93,63,-5.822753090506382
pearl_millet,495,736.7484819134512,0.7379813004740389,0.7057043631745149,0.7421454880910862,91,64,77,20.443471319829612
pearl_millet,496,631.6834855500024,0.8198207496316194,0.5124521020526736,0.7898494400758502,92,83,87,-16.138271937819727
pearl_millet,497,785.8797201987597,0.8639964857037619,0.4821725725634711,0.7999915843584348,102,71,104,-1.319293585753762
pearl_millet,498,663.0150008378548,0.4452131625163848,0.6305049294469213,0.9288598847144202,88,77,113,12.668486418184798
pearl_millet,499,522.8911017792672,0.8489517787652027,0.5230223104713686,0.9431058350496722,76,60,74,13.596719384042743
pearl_millet,500,721.7256981505305,0.35444601962817257,0.68335001681828,0.7946709146629303,121,105,78,24.93359245089976
